A B C & D of Boogie Woogie|A Band of Bees|A Band Of Bitches|A Band Of Bowsies|A Bay Bay|A Blaze of Feather|A Boogie wit da Hoodie|A Boogie Wit da Hoodie & Don Q|A Bullet for Pretty Boy|A Camp|A Caruma|A Certain Ratio|A Change of Pace|A Day to Remember|A Dozen Furies|A Dream Too Late|A Few Good Men|A Fine Frenzy|A Firm Handshake|A Flock of Seagulls|A Friend in London|A Game|A Giant Dog|A Gift of Love|A Girl Called Jane|A Great Big Pile of Leaves|A Great Big World|A Great Big World|A Guy Called Gerald|A Heartwell Ending|A House|A Joyful Noise|A Killer's Confession|A Life Once Lost|A Life Set Apart|A Loss for Words|A Lot like Birds|A Lu A Zhuo|A Man Called Quick|A Martinez|A New Beginning|A Niu|A Pale Horse Named Death|A Perfect Circle|A Place to Bury Strangers|A Plea for Purging|A Plus|A Qiao|A Qiao|A Qiao|A R I Z O N A|A R Rahman|A Ragamuffin Band|A Rocket to the Moon|A Rotterdam November|A RUN|A Second Life|A Si & Amber Kuo|A Si, Yoga Lin|A Silent Film|A Skylit Drive|A Song For Lily-Mae|A Sound of Thunder|A Split Second|A Static Lullaby|A Summer High|A Sunny Day In Glassgow|A Taste of Honey|A Thousand Horses|A Tribe Called Quest|A Tribe Called Red|A Wilhelm Scream|A Winged Victory for the Sullen|A$AP Ant|A$AP ANT AKA YG Addie|A$AP Ferg|A$AP Mob|A$AP Mob Featuring A$AP Rocky, A$AP Twelvyy & Key|A$AP Nast|A$AP Rocky|A$Ap Twelvyy|A$AP TyY|A$AP Yams|A$SAP Mob|A$ton Matt|A&C La Banda|A&S Project|A'me Lorain|The A's|A*M*E|A*Teens|A+|A-1 Swift|A-Base|A-ble|A-Class|A-Dub|A-G-2-A-KE|a-ha|A-Lee|A-Lin|A-Lin|A-Lin|A-Lin|A-Lin|A-Lin & J.Sheon|A-Mei|A-Men|A-Peace|A-Town Playa's|A-Town Players|A-Trak|A-Trak Featuring Andrew Wyatt|A-Tyyppi|A-Wa|A-Wax|A. Bernardini|A. Beyonce|A. Cinco|A. J. Johnson|A. J. Pappas|A. Jay Popoff|A. Maz|A. Randolph|A. Score|A.A. Bondy|A.B. Original|A.B. Quintanilla 3 y Elektro Kumbia|A.B. Quintanilla III|A.B. Quintanilla III Presents Kumbia All Starz|A.B. Quintanilla III Presents Kumbia Kings|A.B. Quintanilla III y Los Kumbia Kings|A.B. Quintanilla y los Kumbia Kings|A.B. Quintanilla's All Starz|A.B. Skhy|A.B.C-Z|A.B.K. International|A.C. Forrester|A.C. Kelly|A.C. Newman|A.C.E.|A.C.T.|A.CHAL|A.Cinco|A.D.|A.D.A.M. Featuring Amy|A.D.O.R.|A.Dd+|A.G.|A.i.|A.J. Babcock|A.J. Barrett|A.J. Brown|A.J. Cavalier|A.J. Croce|A.J. Dunning|A.J. Mazzetti|A.J. McLean|A.J. Minette|A.J. Mora|A.J. Perdomo|A.J. Pero|A.J. Vallejo|A.J.Masters|A.K.|A.K. Paul|A.K. Soul|A.K. Webster|A.L. "Doodle" Owens|A.L. Jinwright|A.L. Jinwright Mass Choir|A.L.T. & Lost Civilization|A.L.T. & the Lost Civilization|A.L.T. And The Lost Civilization|A.M. Sniper|A.M. SNiPER|A.Miguel/D.Verdager|A.N.W.|A.P.|A.P. Carter|A.R. Rahman|A.S.K. M.E.|A.V.B.|A.W. Yrjänä|a1|A1|A3|A7|AA=|AAA|AAA|The AAA Girls|Aalborg Symfoniorkester|Aalesund Allstars|Aaliah Michaela|Aaliyah|Aalon|Aanysa|Aanysa x Snakehips|Aaries|Aarif Lee|AaRON|Aaron|Aaron|Aaron "Sqwid" Tosti|Aaron "Zeke" Dauner|Aaron & Amanda Crabb|Aaron & Jeoffrey|Aaron Abraham|Aaron Aedy|Aaron Alexander|Aaron Aryanpur|Aaron Barker|Aaron Barrett|Aaron Bedard|Aaron Behrens|Aaron Benward|Aaron Berg|Aaron Blanton|Aaron Boyd|Aaron Bruno|Aaron Carl|Aaron Carpenter|Aaron Carter|Aaron Clark|Aaron Cole|Aaron Collins|Aaron Comess|Aaron Conte|Aaron Copland|Aaron Coyes|Aaron Crabb|Aaron Crawford|Aaron Dalbec|Aaron Davidson|Aaron Diehl|Aaron Dilloway|Aaron Doyle|Aaron Eckhart|Aaron Eckhart/Maria Bello|Aaron Edge|Aaron Eikenberry|Aaron Embry|Aaron Escolopio|Aaron Espe|Aaron Evers|Aaron Fink|Aaron Floyd|Aaron Ford|Aaron Freeman|Aaron Fresh|Aaron Gainer|Aaron Gibson|Aaron Gilbert|Aaron Gillespie|Aaron Goldberg|Aaron Goldberg|Aaron Goldman|Aaron Goodvin|Aaron Green|Aaron Hall|Aaron Harris|Aaron Hemphill|Aaron Huffman|Aaron Jeoffrey|Aaron Johnson|Aaron Johnson|Aaron Johnston|Aaron Kamstra|Aaron Kane|Aaron Keyes|Aaron Kierbel|Aaron Kwok|Aaron Lee Tasjan|Aaron Lewis|Aaron Lindsey|Aaron Lines|Aaron Lippert|Aaron Lord|Aaron Love|Aaron Loveland|Aaron Lunsford|Aaron Marsh|Aaron Maxwell|Aaron Mills|Aaron Montgomery|Aaron Moreland|Aaron Neigher|Aaron Nelson|Aaron Neville|Aaron Owens|Aaron Parks|Aaron Patrick|Aaron Peltz|Aaron Perrino|Aaron Pfenning|Aaron Pillar|Aaron Pritchett|Aaron Radaczyk|Aaron Ramsey|Aaron Robinson|Aaron Ross|Aaron Rossi|Aaron Rothe|Aaron Rubin|Aaron Ruby|Aaron Schwartz|Aaron Shust|Aaron Skyy|Aaron Sledge|Aaron Smith|Aaron Solowoniuk|Aaron Sperske|Aaron Sprinkle|Aaron Stanford/Kathleen Quinlan|Aaron Stern|Aaron Stuart|Aaron Tate|Aaron Tippin|Aaron Tollefson|Aaron Turner|Aaron Tveit|Aaron Vásquez|Aaron Warren|Aaron Watson|Aaron Watson|Aaron Watson & The Orphans OF The Brazos Band|Aaron Weiss|Aaron West and the Roaring Twenties|Aaron Wright|Aarón Y Su Grupo Ilusión|Aaron Yan|Aaron Zigman|Aaron Zilch|Aaron-Carl|AB Avenue|AB Logic|Ab-Liva|Ab-Soul|Abaco Dream|Abandon|Abandon All Ships|Abandon Kansas|Abandoned Pools|Abattoir|ABBA|Abbath|Abbe|Abbey Lincoln|Abbey Of Mount Angel Choir|Abbey Simon|Abbey Tavern Singers|Abbott & Costello|Abby Anderson|Abby Lynn|ABC|ABC|ABC (dupe 1)|Abd Al Malik|Abdallah|Abdallah Al Rowaishid|Abdel Wright|Abdellah Attar|Abdellah Bokzar|Abdellah Shirioui|Abdeslam Bokzar|Abdi|Abdu Ali|Abdul Fakir|Abdul Ra'oof|Abe Cunningham|Abe Pedroza|Abe Spear|Abe Spear|Abe Tillman|Abednego Mazibuko|Abel|Abel|Abel Aguilera|Abel Pintos|Abel Ramos|Abel Talamantez|Abel Zarate|Abelardo Barroso|Abenaa|Aberola|Abhany Deol|Abi F Jones|Abi Harding|ABIAH|Abie Flinstone|Abigail|Abigail Bailey|Abigail Breslin/Jodie Foster|Abigail Breslin/Julia Ormond|Abigail Duhon|Abigail Washburn|Abigail Washburn & The Sparrow Quartet|Abigail Williams|Abigal Breslin|Abillyon|Abingdon Boys School|Abiotic|Abisha Uhl|ABK|ABN|Aborted|Abounding Life C.O.G.I.C. Choir|About a Mile|Above|Above & Beyond|Above and Beyond|Above Da Rest|Above Only|Above the Golden State|Above the Law|Abra|Abra Moore|Abraham|Abraham "A.J." Miller|Abraham & Bethliza|Abraham Batarse|Abraham Calleros|Abraham Inc.|Abraham Mateo|Abraham Mateo, Farruko & Christian Daniel|Abraham McDonald|Abraham Sirinix|Abraham Velazquez|Abrams|The Abrams|Abri|Absolom|Absolut Groovers|Absoulute|Abstrac'|Abstract|Abstract Rude|Abstract Source|Abstract Truth|Abstract Truth|Absynthe Minded|Abtmelody|Aby Ngana Diop|Abysmal Dawn|Abyss|AC|AC Newman|AC/DC|The Acacia Strain|Academia Montis Regalis|Academia Nazionale Di Santa Cecilia|The Academic|Academy|The Academy Is...|Academy of Ancient Music|Academy Of Ancient Music (Hogwood)|Academy Of Saint Martin In The Fields|Academy of St. Martin-in-the-Fields|Academy Of St. Martin-In-The-Fields (Marriner)|Acaedia|Acappella|Acappella Company|Acapulco Lips|Acapulco Tropical|Accademia Bizantina|Accademia Nazionale Di Santa Cecilia|Accents|Accept|Acceptance|Access|Access & Formania|The Accidentals|Acción Sánchez|Acda en De Munnik|Ace|Ace|Ace|Ace|Ace|Ace|Ace|Ace Allen|Ace Cannon|Ace Enders|Ace Enders & A Million Different People|Ace Frehley|Ace Hood|Ace Juice|Ace Kefford|Ace Lover|Ace of Base|Ace of Spades|ACE OF SPADES × PKCZ|Ace Spectrum|Ace Watkins|Ace Wilder|Ace Young|ACEMAX-RED|ACEMAX-RED|ACEMAX-RED|ACEMAX-RED|ACEMAX-RED|The Aces|Acey Slade|Aceyalone|Achievement Hunter|Achim Keller|Achim Oppermann|Achim Petry|Achim Reichel|Acid Black Cherry|Acid Drinkers|Acid Factor|Acid Maria|Acidman|Acker Bilk|Acoustic Alchemy|Acoustic Collabo|Acquire the Fire|Acres Of Lions|Across the Atlantic|Across the Sky|ACstyle|Act I|Act of Defiance|Action Action|Action Bronson|Action Bronson|Action Figure Party|Action Item|Activa|Active Child|Activos De Sonora|Actress|Acyde|Ad Finem|The Ad Libs|Ad Wammes|Ad-Rock|AD3|Ada Dyer|Ada Kessler|Ada Liu|Ada Liu, Yue Yunpeng|Ada Ray|Adagio|Adair|Adalberto|Adalberto Santiago|Adam 12|Adam Agee|Adam and the Ants|Adam Ant|Adam Aymor|Adam Baker|Adam Baker|Adam Baker|Adam Baldwin|Adam Barta|Adam Beach|Adam Benjamin|Adam Bernstein|Adam Blake|Adam Brand|Adam Bravin|Adam Brody/Kristen Stewart|Adam Brown|Adam Cappa|Adam Carolla|Adam Carson|Adam Clark|Adam Clay|Adam Clayton|Adam Clayton Powell|Adam Cohen|Adam Counts|Adam Crabb|Adam Craig|Adam Crossley|Adam Cunningham|Adam Cunningham|Adam Czeisler|Adam Davenport|Adam Deitch|Adam Doleac|Adam Doll|Adam Donkin|Adam Douglas|Adam Duce|Adam Duritz|Adam Dutkiewicz|Adam Elliott|Adam F|Adam Faith|Adam Falkner|Adam Ferguson|Adam Ferry|Adam Ficek|Adam Fischer|Adam Fisher|Adam Flynn|Adam Forkner|Adam Freeland|Adam Freemer|Adam Friedman|Adam Garbinski|Adam Gardner|Adam Gaynor|Adam Goldstein|Adam Gontier|Adam Grace|Adam Granduciel|Adam Gray|Adam Green|Adam Gregory|Adam Hambrick|Adam Hann-Byrd|Adam Harrell|Adam Harrison|Adam Harvey|Adam Harvey & Beccy Cole|Adam Hawley|Adam Haworth Stephens|Adam Hicks|Adam Holzman|Adam Hood|Adam Horovitz|Adam Hussein|Adam Jarvis|Adam Jensen|Adam Jones|Adam Jones|Adam Jones|Adam Joseph|Adam Joseph Featuring Aja|Adam K|Adam K Featuring Matthew Steeper|Adam Kary|Adam Kessler|Adam Klocek|Adam Krier|Adam Kury|Adam Lake|Adam Lambert|Adam Lazzara|Adam Lehan|Adam Levine|Adam Levy|Adam Lewis|Adam Lohrbach|Adam MacDougall|Adam Manning|Adam Marano|Adam Marino|Adam Marsland|Adam Matthews|Adam McGrath|Adam Merrin|Adam Miller|Adam Mitchell|Adam Mole|Adam Moochie|Adam Morgan|Adam Nutter|Adam O'Farrill|Adam O'Rourke|Adam Odor|Adam Olenius|Adam Pallin|Adam Pascal|Adam Paskowitz|Adam Pfahler|Adam Pierce|Adam Pitts|Adam Plack|Adam Polakoff|Adam Popowitz|Adam Powell|Adam Rodgers|Adam Rogers|Adam Russell|Adam Sandler|Adam Sandler/Don Cheadle|Adam Sandler/Joey Lauren Adams|Adam Sandler/John Turturro|Adam Sandler/Kate Beckinsdale|Adam Sandler/Keri Russell|Adam Sandler/Kevin James|Adam Sandler/Tea Leoni|Adam Sandler/Winona Ryder|Adam Schlesinger|Adam Seymour|Adam Sharp|Adam Siegel|Adam Siska|Adam Smith|Adam Snyder|Adam Strangler|Adam Sultan|Adam T. Siska|Adam Tanbouz|Adam Taylor|Adam Tensta|Adam Terrell|Adam Thompson|Adam Topol|Adam Trabbish|Adam Turla|Adam Tymn|Adam Vadel|Adam Vida|Adam Vita|Adam Wade|Adam Wade|Adam Wakefield|Adam Walker|Adam Warren|Adam Warren Delbert|Adam Wentworth|Adam West|Adam West/Burt Ward|Adam White|Adam Williams|Adam Willis|Adam Wilson|Adam Woods|Adam Wright|Adam Young|Adam Zadel|Adam Zindani|Adamo|Adamski|Adamski Featuring Nina Hagen|Adan "Chalino" Sanchez|Adan Chalino Sanchez|Adan Cuen|Adan Romero|Adan Romero & Su Grupo|Adan Sapata|Adassa|Adb Al Malik|ADC Band|Addict|Addictiv|Addictiv|Addie|Addie Harris|Addis|Addison Groove|Addison Road|Addrisi Bros.|Addrisi Brothers|Addy Van Der Zwan|Ade Blackburn|Adekunle Gold|Adel Tawil|Adela Pena|Adelaide Symphony Orchestra|Adelaine|Adele|Adele|Adele Bertei|Adele Holness|Adelen|Adelita Tapia|Adelitas Way|Adema|Aden Young|Adestria|Adeva|Adexe & Nau|Adi Amstutz|Adia|Adiah|Adiam Dymott|Adib Azfar|Adie|Adie Grey|Adiemus|Adieu|Adil Ali|Adina Howard|Adj Buffone|Adjana|Adm|Admiral General Aladeen|Admiral P|Admiral T|Ado|Ado|Ado Kojo|Adolescent's Orquesta|Adolfo Acosta|Adolfo Ángel|Adolfo Ángel Alba|Adolfo de la Parra|Adolfo Quinones|Adolfo Rizo|Adolfo Urias|Adolfo Urias y Su Lobo Norteño|Adolph Caesar|Adolphson & Falk|Adonis|Adorable|Adoration 'N' Prayze|Adoration-N-Prayze|Adore Delano|Adoro|Adrenalin|Adrenaline|Adrenaline Mob|Adrian|Adrian Alonso/Kate Del Castillo|Adrian Anderson|Adrian Belew|Adrian Belew And David Bowie|Adrian Chandler|Adrian Crutchfield|Adrian Delgado|Adrian Dunbar|Adrian Erlandsson|Adrian Green|Adrian Grenier|Adrian Henri|Adrian James Croce|Adrian Jefferson|Adrian Jost|Adrian Kimberly|Adrian Lambert|Adrian Lee|Adrian Legg|Adrian Lopez|Adrian Lux|Adrian Marcel|Adrian Morris|Adrian Olivares|Adrian Ost|Adrian Oxaal|Adrian Paul/Christopher Lambert|Adrian Paul/Thekla Reuten|Adrian Peters|Adrian Revell|Adrian Robison|Adrian Roland|Adrian Scaglione|Adrian Sina|Adrian Smith|Adrian Stern|Adrian Stresow|Adrian Utley|Adrian Vandenberg|Adrian Verloop|Adrian Wright|Adrian York|Adrian Young|Adrian Younge|Adrian Zmed|Adriana Calcanhotto|Adriana Evans|Adriana Foster|Adriana Kaegi|Adriana Kucerova|Adriana Rubiano|Adriana Zabala|Adrianna Foster|Adrianna Marie|Adrianna Marie And Her Groovecutters|Adrianne|Adrianne Harris|Adrianne Verhoeven|Adriano Celentano|Adriano Cintra|Adriatique|Adriel|Adriel Denae|Adriel Favela|Adriel Garcia|Adrien Brody|Adrien Brody/Diane Lane|Adrien Brody/Jeffrey Wright|Adrienne|Adrienne Bailon|Adrienne Bailon/Sabrina Bryan|Adrienne Barbeau|Adrienne Barbeau/Jamie Lee Curtis|Adrienne Davies|Adrienne Houghton|Adrienne Shelly|Adrienne Young|Adriiana|ADT|Adult.|Advance|Adventure Club|Adventure Club|Adventure Club feat. Delaney Jane|Adventures|The Adventures|Adventures of Stevie V|Ady Suleiman|ADYA|Aer|Aerle Taree|Aero Chord|Aeron Aether|Aeroplane|Aeroplane|Aerosmith|Aesop Rock|Aesthetic Perfection|Aether|Affiance|Affion Crockett|The Afghan Whigs|AFI|Afie Jurvanen|Afilia Saga|Afilia Saga East|African Suite|Africanism|Africanism All Stars|Africanism Allstars|Afrika 2010 Kunstnerne|Afrika Bambaataa|Afrika Bambaataa & The Soulsonic Force|Afrique|Afro Brazil|Afro Celt Sound System|Afro Cuban Band|Afro Medusa|Afro Rican|Afro Tongue|Afro-Blues Quintet Plus One|Afro-Cuban All Stars|Afro-Cuban Band|Afro-Peruvian Classics|Afro-rican|Afrob|Afrocelts|Afrocubism|Afrojack|Afrojack Vs. Thirty Seconds To Mars|Afroman|Afros|Afrowax Featuring Luscious Lipps|After 7|After Daybreak|After Edmund|After Midnight Project|After Romeo|After School|After School|After School Blue|After School RED|After the Burial|After the Fire|After the Rain|After The Rescue|Afterbach|Afterdark|Afterglow|Afterhours|Afterlife|Afterman|The Afters|Aftershock|Afu-Ra|AFX|AG Andre The Giant|Against All Will|Against Me!|Against the Current|Agallah|Agalloch|Agatha Lee Monn|Agathonas Iakovidis|Age of Chance|Age Of Days|Age Of Daze|The Age of Love|AgeHa|Agent K|Agent M|Agent Orange|Agents of Good Roots|Agerman|Ages and Ages|Aggeliki Iliadi|Aggro Santos|The Aggrolites|Agina Alvarez|Agir|Agnelli|Agnelli & Nelson|Agnes|Agnes Baltsa|Agnes Bruckner/Olivier Martinez|Agnes Carlsson|Agnes Monica|Agnes Obel|Agnes Vesterman|Agnete|Agnetha & Linda|Agnetha Fältskog|Agnez Mo|Agnieszka Chylinska|Agnieszka Rybska|Agnostic Front|Ago|The Agonist|The Agony Scene|Agoraphobic Nosebleed|Agua Azul|Agua Nueva Tropical|Agua Prieta|Aguakate|Agust|Agustín Martínez|Agustin Pantoja|Agustin Sanchez|Ah Nee Mah|Aha Gazelle|Ahaguna G. Sun|Ahaguna Sun|Ahhnold|AHI|Ahlam|Ahmad|Ahmad Jamal|Ahmed Tarek Ola-abaza|Ahmet Kilic|Ahmir|Ahmir '?uestlove' Thompson|Ahn So Hee|Ahn Trio|Ahrix|Ahrue Luster|Ahzee|Ahzz|Ai|Ai|Ai|AI|AI AM|AI Featuring Kanna|AI Featuring The Jacksons|Ai Fei|Ai Fei|Ai Fei & Sdanny Lee|Ai Fei & Sdanny Lee|Ai Kawashima|Ai Otsuka|Ai Shinozaki|AICE5|Aida|Aida Cuevas|Aida Garifullina|Aidan Banks|Aidan Nemeth|Aidan Quinn/Adam Beach|Aidan Turner|Aiden|Aiden Jude|Aiden Leslie|Aikakone|Aiko|Ailee|Ailee (Feat. Shin Bo Ra)|Aileen Quinn|Aili Teigmo|Ailyn Perez|Aim|Aimee Allen|Aimee Mann|Aimer|Aimos|Aimyon|Ain't No Love|Aine Zion|Ainhoa Garmendia|Aino Jawo|Air|Air Dubai|Air Five|The Air I Breathe|Air Supply|Air Traffic|Airborne|The Airborne Toxic Event|Airbourne|Airheadz|Airi Hiramatsu|Airin|Airrion Love|Airto Moreira|Airwaves|Airy Jeanine|Aisha Duo|Aisha Kahlil|Aisha Tyler|Aishwarya|Aishwarya Rai/Martin Henderson|Aisslinn Nosky|Aiwa|Aiwake|Aiza Seguerra|AJ|AJ|AJ Barrette|AJ Castillo|AJ M|AJ Marchetta|AJ Michalka|AJ Rafael|AJ Styles|AJ Tracey|AJ Woodworth|Aja|AjA (dupe 1)|Aja Graydon|Aja Volkman|Ajax|Ajay Mallery|Ajay Popoff|Ajeet Kaur|Aji|AJJ|Ajja|AJR|AJR|AK Ausserkontrolle|Ak'Sent|AK-47|Ak-69|AK-7|AK1200|AK420|Aka|aka The Junkies|Akademie Fur Alte Musik Berlin|Akae Beka|Akai Ko-En|Akai Koen|Akatsuki|Akay|Akb|AKB48|AKBN 0|Akcent|Akdong Musician|Akdong Musician (AKMU)|Åke Jelving|Ake Karl Kalle Gustafsson|Aketo|Akhenaton|Aki|Aki|Aki Maeda [Max]|Aki Toyosaki|Aki Yamamoto|Akihiro Tamura|Akihito Okano|Akiko Shikata|Akil|Akili John Carter|Akillezz|Akim & The Teddy Vann Production Company|Akina Nakamori|Akino|AKINO with bless4|Akinyele|Akio Kayama|Akira|Akira|Akira Eguchi|Akira Kagawa|Akira Kawabata|Akira Nanjo|Akira Onodera|Akira Takasaki|Akira Terao|Akis Diximos|Akissa Mendez|akissforjersey|Akiva Schaffer|Akko|AKMU|Akon|Akon Featuring T-Pain|Akrobatik|Akron/Family|Aksel Rykkvin|Akua Naru|Akwid|Akyra|Al|Al (He's the King) Hirt|Al (He's the King) Hirt, Trumpet|Al Anderson|Al Anderson|Al Archer|Al Austin|Al B. Rich|Al B. Sure!|Al Bano|Al Bano Y Romina Power|Al Barr|Al Biggz|Al Bloch|Al Bolt|Al Bowden|Al Brown|Al Brown's Tunetoppers|Al Caiola & His Orchestra|Al Caiola And His Orchestra|Al Candelaria|Al Capps|Al Casey|Al Casey|Al Casey Combo|Al Chan|Al Ciner|Al Cisneros|Al Coe|Al Connelly|Al Contrera|Al Cooper|Al Copley|Al Corley|Al DeGregoris|Al DeLory|Al Denby|Al Denson|Al di Meola|Al di Meola Project|Al Di Meola World Sinfonia|Al Di Meola's World Sinfonia|Al Downing|Al Doyle|Al E Mood|Al Escobar|Al Fatz|Al Fisher|Al Foster|Al Franken|Al Frazier|Al GaLlodoro|Al Garrison|Al Garth|Al Gibbs|Al Goodman|Al Gore|Al Green|Al Greenwood|Al Grey|Al Hirt|Al Hudson|Al Hudson & The Partners|Al Jackson, Jr.|Al Jardine|Al Jarreau|Al Jaworski|Al Johnson|Al Jolson|Al Jourgensen|Al Kent|Al King|Al Kooper|Al Laughlin|Al Lepak, Jr.|Al Madrigal|Al Martino|Al McCall|Al McKay|Al McManus|Al Millio|Al Napier|Al Nichol|Al Pacino|Al Pacino/Alicia Witt|Al Pacino/Cameron Diaz|Al Pacino/Colin Farrell|Al Pacino/Jack Lemmon|Al Pacino/Matthew McConaughey|Al Pacino/Michelle Pfeiffer|Al Pacino/Robin Williams|Al Pacino/Russell Crowe|Al Pacino/Sean Penn|Al Pahanish|Al Perkins|Al Petteway|Al Pitrelli|Al Rappa|Al Rex|Al Rua|Al Ruzicka|Al Schnier|Al Skratch|Al Sobrante|Al Staehely|Al Stewart|Al Stewart|Al Stewart And Shot In The Dark|Al Strong|Al Tariq|Al Tariq (Kool Fash)|Al Terry|Al Tharp|Al Tsuchiya|Al Waxman|Al Ways|Al Westaway|Al Wilson|Al Wilson|Al'Tariq|Al-Gear|Al-P|Al-Shid|Al2 El Aldeano|Ala Dos Namorados|Alaa|Alaa Wardi|Alabama|Alabama|Alabama 3|Alabama Shakes|Alabína|Alaclair Ensemble|Alacranes del Bravo|Alacranes Musical|Alain Barriere|Alain Bashung|Alain Chabat|Alain Clark|Alain Eskinasi|Alain Johannes|Alain Lefevre|Alain Lombard|Alain Morisod|Alain Morisod & Sweet People|Alain Souchon|Alain-Francois|Alaina Moore|Alaina Renae|Alaine|Alam A|Alamire|Alan|Alan|Alan|Alan "Bam" King|Alan Alda/Mike Farrell|Alan Alda/Stockard Channing|Alan Alda/Wayne Rogers|Alan Anthony|Alan Anton|Alan Arkin|Alan Atkins|Alan Bailey|Alan Bates/Jonathan Hyde|Alan Bergman|Alan Bibey|Alan Blakely|Alan Boguslavsky|Alan Brackett|Alan Buck|Alan Cage|Alan Cartee|Alan Cartwright|Alan Cave|Alan Clark|Alan Clark|Alan Clark|Alan Connor|Alan Copeland|Alan Cox|Alan Curtis|Alan Davey|Alan Dawson|Alan Day|Alan del Castillo|Alan Donohoe|Alan Doughty|Alan Downey|Alan Doyle|Alan Evans|Alan Feinberg|Alan Fitzgerald|Alan Frew|Alan Gilbert|Alan Gogoll|Alan Gorrie|Alan Gratzer|Alan Greenblatt|Alan Haig|Alan Hale|Alan Hawkshaw|Alan Henderson|Alan Hewitt|Alan Hoffar|Alan Howard|Alan Hull|Alan Hunter|Alan Jackman|Alan Jackson|Alan Jackson|Alan Jackson & Jimmy Buffett|Alan Jones|Alan Kelly|Alan King|Alan Klein|Alan Krigger|Alan Ladd|Alan Lancaster|Alan Longmuir|Alan Loveday|Alan Lovell|Alan Makranczy|Alan Mansfield|Alan Menken|Alan Miles|Alan Moore|Alan Morrison|Alan Morse|Alan Murchie|Alan Murphy|Alan Myers|Alan Nacinovic|Alan Nacinovic|Alan Niven|Alan O'Day|Alan Osmond|Alan Palomo|Alan Parker|Alan Parsons|The Alan Parsons Project|The Alan Parsons Symphonic Project|Alan Pasqua|Alan Paul|Alan Paul|Alan Perdue|Alan Peters|Alan Petitti|Alan Pierson|Alan Powell|Alan Price|Alan Price Set|Alan Rankine|Alan Rickman|Alan Robert|Alan Rubin|Alan Ruck|Alan Sandow|Alan Silson|Alan Silvestri|Alan Sparhawk|Alan Spenner|Alan St. Clair|Alan Stone|Alan T.|Alan T.D. Wiggins|Alan Tam|Alan Tam, A-Lin|Alan Tam, Kit Chen|Alan Tarney|Alan Tiza|Alan Van Sprang|Alan Vega|Alan Waddington|Alan Walker|Alan Walker|Alan Walker feat. Gavin James|Alan Walker, Noah Cyrus & Digital Farm Animals|Alan Ward|Alan Ware|Alan Whetton|Alan White|Alan White|Alan Whitehead|Alan Wilder|Alan Williams|Alan Wilson|Alan Wishart|Alan Yu|Alana|Alana Dante|Alana Davis|Alana McDonald|Alanda Drake|Alanis Morissette|Alanna Ubach|Alannah Currie|Alannah Myles|The Alarm|Alarm MMVI|Alarm Will Sound|The Alarmists|Alasdair MacLean|Alaska|Alaska 5000|Alaska Thunderfuck|Alastair Barden|Alastair Ward|Alastor|Alayna|Alba Mars|Alban Pfisterer|Albany Symphony Orchestra|Albatroaz|Albee Al|Albee Cracolici|Albee Galione|Albert "Tootie" Heath|Albert Apple Craig|Albert Ayler|Albert B. Moore|Albert Berry|Albert Bouchard|Albert Brooks|Albert Brooks/Sharon Stone|Albert Cabrera|Albert Cabrerra|Albert Castiglia|Albert Castillo|Albert Coleman's Atlanta Pops|Albert Collins|Albert Crump|Albert Cummings|Albert Fields|Albert Finney|Albert Finney/Carol Burnett|Albert Hammond|Albert Hammond, Jr.|Albert Jamison|Albert King|Albert Lee|Albert Mazibuko|Albert Minott|Albert Phillips & the Divine Messengers|Albert Sharpe|Albert Walker|Alberta Cross|Alberta Crump|Alberta Hunter|Alberta Watson|Alberte|Albertina Walker|Alberto Barros|Alberto Erede|Alberto García|Alberto Guerrero Lopez|Alberto Iglesias|Alberto Plaza|Alberto Vásquez|ALBERTO VASQUEZ/JOAN SEBASTIAN|Alberto Veronesi|Alberto Y Roberto|Albeth Paris|Albeth Paris|Albin|Albin & Mattias Andreasson|Albin Berger|Albin Lee Meldau|Albino Superstars|Albita|Alborosie|Albrecht Mayer|The Album Leaf|Alby Odum|ALC|Alcatraz|Alcatrazz|Alcazar|Alceen|Alcest|The Alchemist|Alchemy|Alcoa|Alden Richards|Alderliefste|Aldin Birdette|Aldious|Aldo|Aldo Ciccolini|Aldo El Arquitecto|Aldo Nova|Aldo Sarabia|Aldo Sisillo|Ale|Ale'e|Alec Baldwin|Alec Benjamin|Alec Burke|Alec Costandinos|Alec Empire|Alec Guiness|Alec Higgins|Alec John Such|Alec Ounsworth|Alec Pure|Alec R. Costandinos|Alec R. Costandinos And The Synconic Orchestra|Alecia Elliott|Alecia Nugent|Alecia Russell|Aled Jones|Aled Philips|Alee|Alee|Aleem|Aleese Simmons|Aleesia|Alegres de la Sierra|Alegres del Barranco|Alehandra Deheza|Alejandra|Alejandra & Underwood|Alejandra Botto|Alejandra Guzmán|Alejandra Orozco|Alejandro Croatto / Hermes Croatto / Ale Croatto|Alejandro Duque|Alejandro Escovedo|Alejandro Fernández|Alejandro Fuentes|Alejandro Gómez Cáceras|Alejandro Jaén|Alejandro Lerner|Alejandro Lira|Alejandro Marcovich|Alejandro Montaner|Alejandro Palacio|Alejandro Palma Chaparro|Alejandro Reyes|Alejandro Rosso|Alejandro Sanz|Alejandro Sergi|Alejandro Vallejo|Alejon|Aleks Syntek|Aleks Syntek feat. David Summers|Aleks Syntek feat. Teo Cardalda|Aleksandar Madzar|Aleksander With|Aleksandra Campesinos!|Aleksandrs Antonenko|Aleksanteri Hakaniemi|Alela Diane|Alen Ayerdi|Alen Feinberg|Alena Moore|Alert the Medic|Alerta Zero|Alesana|Alesha|Alesha Dixon|Alesia|Aleska Palladino|Alessa Safina|Alessandra|Alessandra Amoroso|Alessandra Marc|Alessandro Casillo|Alessandro Coli|Alessandro Cortini|Alessandro de Marchi|Alessandro Deidda|Alessandro Safina|Alessi|Alessia Cara|Alessio Bax|Alessio Bernabei|Alesso|Alestorm|Alex|Alex|Alex|Alex|Alex|Alex & Horan|Alex & Sierra|Alex Acuña|Alex Aiono|Alex Albert|Alex Angelo|Alex Anguiano|Alex Anwandter|Alex Aponte|Alex Aris|Alex Astegione|Alex Ayuli|Alex Baird|Alex Band|Alex Barreto|Alex Bines|Alex Blackwell|Alex Bleeker|Alex Boyd|Alex Boyé|Alex Brahl|Alex Briley|Alex Brown|Alex Bruford|Alex Bueno|Alex Bugnon|Alex Burnett|Alex Burnham|Alex C.|Alex Callier|Alex Cameron|Alex Campos|Alex Cando|Alex Chilton|Alex Christensen|Alex Christensen & the Berlin Orchestra|Alex Church|Alex Clare|Alex Conti|Alex Cooper|Alex Cruz|Alex Cuba|Alex d'Castro|Alex D'Rosso|Alex D. Linz|Alex D. Linz/Zena Grey|Alex Da Kid|Alex da Kid|Alex Davies|Alex Day|Alex de Grassi|Alex Delaszlo|Alex DeLeon|Alex Delzoppo|Alex Desert|Alex Deutsch|Alex Dezen|Alex Duncan|Alex Dunne|Alex Ebert|Alex Ebert|Alex Erian|Alex Even|Alex Faith|Alex Farrill|Alex Featuring Nik & Jay|Alex Ferrari|Alex Flanigan|Alex Florea|Alex G|Alex Garcia|Alex Garcia Rivera|Alex Gaskarth|Alex Gaudino|Alex Gaudino Featuring. JRDN|Alex Gerber|Alex Gibson|Alex Gifford|Alex Gleave|Alex Gold|Alex González|Alex Gopher|Alex Green|Alex Greenwald|Alex Griffin|Alex Griffin|Alex Grossi|Alex Grullon|Alex Guerrero|Alex Guesta|Alex Haley|Alex Hall|Alex Hassilev|Alex Hellid|Alex Hepburn|Alex Hill|Alex Holzwarth|Alex Hope|Alex Hoyer|Alex Inda|Alex J Robinson|Alex James|Alex James|Alex Johnson|Alex Kandel|Alex Kane|Alex Kapranos|Alex Kasiek|Alex Kendrick/Shannen Fields|Alex Kenis|Alex Kenji|Alex Kent|Alex Kentucky|Alex Killer|Alex Kinon|Alex Krull|Alex Kunnari|Alex Lacasse|Alex Lamb|Alex Lee|Alex Leon|Alex Leon y su orquesta|Alex Levine|Alex Lewis|Alex Lifeson|Alex Ligertwood|Alex Linares|Alex Lipshaw|Alex Lob|Alex Lopez|Alex Lora|Alex Lustig|Alex Maas|Alex MacNicol|Alex Makarovich|Alex Makhlouf|Alex Mancilla|Alex Mancilla Y El Grupo Canaveral|Alex Marquez|Alex Marshall|Alex Matos|Alex Mattson|Alex Medina|Alex Metric|Alex Midi|Alex Miranda|Alex Mitchell|Alex Montes|Alex Moore|Alex Murzyn|Alex Nelson|Alex Neri|Alex Nevsky|Alex Newell|Alex Nuñez|Alex O'Loughlin|Alex O'Loughlin/Sophia Myles|Alex Onizawa|Alex Pappas|Alex Parks|Alex Parnell|Alex Party|Alex Peace|Alex Pennie|Alex Prince|Alex Ramirez|Alex Reece|Alex Reed|Alex Ridha|Alex Rivera|Alex Rodriguez|Alex Rosamilia|Alex Rose|Alex Roy|Alex Santer|Alex Sassaris|Alex Sayz|Alex Scally|Alex Schrodt|Alex Sensation|Alex Sharpe|Alex Shelnutt|Alex Shelnutt|Alex Siebenbiedel|Alex Sirvent|Alex Skolnick|Alex Skolnick Trio|Alex Smith|Alex Somers|Alex Somerville|Alex Staropoli|Alex Stein|Alex Suarez|Alex Swings Oscar Sings!|Alex Taylor|Alex Tenas|Alex To|Alex To|Alex Trimble|Alex Turner|Alex Ubago|Alex Valdez|Alex Van Halen|Alex Vargas|Alex Varkatzas|Alex Vincent|Alex Viverds|Alex Voigt|Alex Wade|Alex Wassabi|Alex Wayne|Alex Webster|Alex Weir|Alex Wernberg|Alex Wiley|Alex Williams|Alex Winston|Alex Winter|Alex Wolff|Alex Woodrow|Alex y Sergio de Mana|Alex Young|Alex Zurdo|Alex [El Bizcochito]|Alex, Jorge Y Lena|Alexa|Alexa Aronson|Alexa Feser|Alexa Goddard|Alexa Ray Joel|Alexa Vega/Anthony Stewart Head|Alexander|Alexander "Asp" Spreng|Alexander "Spanador" Mosley|Alexander (dupe 1)|Alexander Acha|Alexander Albert|Alexander Armstrong|Alexander Balanescu|Alexander Barck|Alexander Bard|Alexander Briley|Alexander Brown|Alexander Cardinale|Alexander Godunov|Alexander Hacke|Alexander Ivashkin|Alexander Jean|Alexander Kerns|Alexander Kuoppala|Alexander Lewis|Alexander Lingas|Alexander Ludwig/Christopher Eccleston|Alexander Manigo|Alexander Melnikov|Alexander O'Neal|Alexander Prince|Alexander Robotnick|Alexander Rogue|Alexander Rybak|Alexander Sedov|Alexander Sevastian|Alexander Stensrud|Alexander Thomas|Alexander Timchenko|Alexander Vedernikov|Alexander Veljanov|Alexander Vinogradov|Alexander Zonjic|Alexandra|Alexandra|Alexandra Burke|Alexandra Cabrera de la Cruz|Alexandra Daddario|Alexandra Demetree|Alexandra Joner|Alexandra Kay|Alexandra Lawn|Alexandra McKay|Alexandra Powers|Alexandra Silber|Alexandra Stan|Alexandra Stan Tribute Band|Alexandrah|Alexandre Aja|Alexandre Azaria|Alexandre Belliard|Alexandre Combeau|Alexandre Desilets|Alexandre Desplat|Alexandre Margraff|Alexandre Pires|ALEXANDRE PIRES (FEAT. MR. CATRA)|Alexandre Poulin|Alexandre Rodrigues|Alexandre Tharaud|Alexandria|Alexandria Heard|Alexandros|Alexandros Christopoulos|Alexandros Myrat|Alexandrow Karazov|Alexe Gaudreault|Alexei Belov|Alexei Lubimov|Alexei Lubimov|Alexei Perry|Alexei Rodriguez|Alexey Markov|Alexi Delano|Alexi Laiho|Alexi Murdoch|Alexi Rodriguez|Alexia|Alexia|Alexia|Alexia Phillips|Alexie Divello|Alexio|Alexio MC|Alexis|Alexis "El Pitbull"|Alexis & Fido|Alexis Arquette|Alexis Bledel|Alexis Bledel/Sissy Spacek|Alexis Brown|Alexis Cole|Alexis Fido|Alexis Fleisig|Alexis Gershwin|Alexis Jordan|Alexis Korner''s Blues Incorporated|Alexis Korner's Blues Incorporated|Alexis Krauss|Alexis Lozano|Alexis Pareja|Alexis Salgado|Alexis Spight|Alexis Taylor|Alexis Valdes|Alexis Weissenberg|Alexis Zoumbas|Alexisonfire|Alexsai|Alexunder Base|Alexx Antaeus|Alexz Johnson|Aleyna Tilki|Alf Clausen|Alf Klimek|Alf Linder|Alfa Anderson|Alfa Mist|Alfa Rococo|Alfamega|The Alfee|Alfie|Alfie Ambrose|Alfie Arcuri|Alfie Boe|Alfie Jackson|Alfie Pollit|Alfie Silas|Alfie Thomas|Alfie Trowers|Alfio|Alfons|Alfonso "Pochi" Vásquez|Alfonso Andre|Alfonso Ayala|Alfonso Bernal|Alfonso Herrera|Alfonso Lizárraga|Alfonso Loher|Alfonso Lovo|Alfonso Ribeiro|Alfonso Sharland|Alfonzo|Alfonzo Blackwell|Alfonzo Hunter|Alfonzo Smith|Alfonzo Surrett|Alfre Woodard|Alfre Woodard/Sanaa Lathan|Alfred Abel|Alfred Brendel|Alfred Brown|Alfred Cotto|Alfred Gallodoro|Alfred Henning|Alfred Martinez|Alfred Molina|Alfred Nevarez|Alfredo Bernardini|Alfredo de la Fé|Alfredo Gil|Alfredo Hernandez|Alfredo Hernández|Alfredo Olivas|Alfredo Ortiz|Alfredo Piedrafita|Alfredo Ramírez Corral|Alfredo Rios "El Komander"|Alfredo Rodriguez|Alfunction|Algarete The Originals|Algebra|Algebra Blessett|Algernon Quashie|Algiers|Algis Kizys|Alhimistes|Ali|ALi|Ali|Ali|Ali|Ali|Ali|Ali|Ali|Ali (Feat. Loco)|Ali & Gipp|Ali & Theo|Ali Akbar Khan|Ali As|Ali B|Ali Bumaye|Ali Caldwell|Ali Campbell|Ali Campbell Featuring Kibibi Campbell|Ali Clewer|Ali Damisi|Ali Dee|Ali Dee And The Deekompressors|Ali Farka Touré|Ali Fox|Ali Isabella|Ali Jackson|Ali Kane|Ali King|Ali Lee|Ali Lohan|Ali Love|Ali Määttä|Ali Milner|Ali Moujdoubi|Ali Navarro|Ali Ollie Woodson|Ali Paul|Ali Score|Ali Shaheed Muhammad|Ali Shumate|Ali Slaight|Ali Spagnola|Ali Tabatabaee|Ali Tamposi|Ali Thompson|Ali Thomson|Ali Tomineek|Ali Wong|Ali Youngblood|Ali-Ollie Woodson|Alia Davis|Aliados|Aliados de la Sierra|Alias|Alias|Alias|Alias|ALIAS Chamber Ensemble|Alias J.|Alias [Czech]|Alibi|Alibi Montana|Alibi Vs. Rockefeller|Alice|Alice Bowie|Alice Coltrane|Alice Cooper|Alice Creech|Alice de Buhr|Alice Deejay|Alice Faye|Alice Glass|Alice in Chains|Alice Krige|Alice Merton|Alice Nine|Alice Nine|Alice Nutter|Alice on the Roof|Alice Peacock|Alice Phoebe Lou|Alice Playten|Alice Ripley|Alice Russell|Alice Sara Ott|Alice Smith|Alice Thompson|Alice Wonder Land|Alicia|Alicia Bridges|Alicia De Larrocha|Alicia Keys|Alicia Keys & Bono|Alicia Morton/Kathy Bates|Alicia Myers|Alicia Scardetta|Alicia Silverstone|Alicia Villarreal|Alicia Warrington|Alicia Williamson|Alicia Witt|Alida|Alien Ant Farm|Alien Love Child|Alien Nation|Alih Jey|Alika|Aliki Ashman|Alim Qasimov|ALin|ALin|Alina|Alina|Alina Artts|Alina Baraz|Alina Baraz & Galimatias|Alina Devecerski|Alina Ibragimova|Aline Barros|Alinka Rowe|Aliocha|Aliotta Haynes Jeremiah|Alirio Diaz|Alisa Childers|Alisa Peoples|Alisa Suzanne Jordheim|Alisa Turner|Alisa Ueno|Alisa Weilerstein|Alisan Porter|Alisha|Alisha Pillay|Alison Ables|Alison Balsom|Alison Brown|Alison Davis-McLain|Alison Elliott|Alison Gold|Alison Gordon|Alison Hinds|Alison Krauss|Alison Krauss & Union Station|Alison Limerick|Alison Lohman|Alison Lohman/Robin Wright Penn|Alison Lohman/Tim McGraw|Alison McGillivray|Alison Mosshart|Alison Moyet|Alison Phill|Alison Routledge|Alison Shaw|Alison Toews|Alison Wonderland|Alissa Eiesland|Alissa Feudo|Alissa Noonan|Alissa Violet|Alissa White Gluz|Alistaire McCalla|Alive|Alive & Kicking|Alive 'N Kickin'|Alive Like Me|Aliyah Moulden|Alizée|Alkaline|Alkaline Trio|Alkatraz|Alkebulan|Alkilados|Alkinoos Ioannidis|Alkistis Protopsalti|All|All About Maggie|All About She|ALL CAPS|All City|All Ends|All Frum Tha I|All Mankind|All My Faith Lost|All Our Exes Live in Texas|All Points Bulletin|All Points Bulletin Band|All Real|All Red|All Saints|All Shall Perish|All Sons & Daughters|All Sports Band|All Star Tribute|All Star United|All That Remains|All the Saints|All Them Witches|All Things New|All Time Low|All-4-One|The All-American Rejects|All-Star Madness|All-Star Tribute|All-Star United|Allah-Las|Allain Bourgrain Dubourg|Allan Balmont|Allan Clarke|Allan Curtis Barnes|Allan Delong|Allan Dias|Allan F. Villadsen|Allan Fielder|Allan Frizzell|Allan Hall|Allan Hidalgo|Allan Hinds|Allan Holdsworth|Allan Jaffe|Allan Jaffe|Allan Kingdom|Allan McCarthy|Allan McDougall|Allan Ramsay|Allan Rayman|Allan Riddle|Allan Rust|Allan Sherman|Allan Tschicaja|Allan Walls|Allan Warner|Allday|Alldis|Alle Benassi|Alle Farben|Alle Farben & Janieck|Allegaeon|Allegra And Lindi|Allegra Marks|Allegri String Quartet|Allen|Allen & Allen|Allen Anthony|Allen Asbury|Allen Blickle|Allen Bunn|The Allen Carman Project|Allen Collins|Allen Covert/Linda Cardellini|Allen E. Nance|Allen Frizzell|Allen Holmquist|Allen Johnson|Allen Kemp|Allen Lanier|Allen Lowrey|Allen Maier|Allen Payne|Allen Ravenstine|Allen Reynolds|Allen Richardson|Allen Shellenberger|Allen Sloan|Allen Sorensen|Allen Stewart|Allen Stone|Allen Su|Allen Su|Allen Toussaint|Allen Tripp|Allen Watty|Allen Wentz|Allen West|Allen Woody|Allen, Battle, Price (Muti)|Allendy|Allertz|Alley Boy|The Alley Cats|The Alley Cats|Alley Life|Allez Allez|AllFrumTha I|Alli Simpson|The Alliance|Allie|Allie Del Rio|Allie X|Allie X|The Allies|Alligatoah|Allison|Allison|Allison Crutchfield|Allison Goldfrapp|Allison Iraheta|Allison Janney|Allison Jordan|Allison Leroy Cook|Allison Miller's Boom Tic Boom|Allison Moorer|Allison Paige|Allison Park|Allison Pierce|Allison Weiss|Allister|The Allman Brothers Band|Allman Brown|Allo Darlin'|ALLOVER|Allred|Allstar Weekend|Allure|Allure (dupe 1)|Alluvial|Ally Brooke|Ally McErlaine|Ally Ryan|Ally Sheedy|Ally Walker|Alma|Alma|Alma|Alma|Alma Brewer|Alma Deutscher|Alma Faye Brooks|Alma Kaminiito|Alma Matris|Alma Micic|Alma-Margarita|Almand|Almaz|Almeda Berkey|Almighty|The Almighty RSO|Almklausi|The Almost|Almost Taken|ALO|Aloah Mi'Sho|Aloe Blacc|Aloha from Hell|Alohe Jean Burke|Alok|Alok & Bruno Martini|Alok & Bruno Martini feat. Zeeba|Alon|Alondra De La Parra|Along Came A Spider|Alonza Bevan|Alonzo|ALP|Alpa Gun|Alpaca Phase III|Alpacas|Alpachino|Alpha & Omega|Alpha 5.20|Alpha Blondy|Alpha Cat|Alpha Party|Alpha Rev|Alpha Team|Alphabeat|Alphaville|Alphonse Mouzon|Alphonso Johnson|Alphonso Martin|Alpine|Alpines|Alpoko Don|Alquimia|Alquimia la Sonora del XXI Leyenda|ALT|Alt-J|Alta Consigna|Alta Frecuencia|Altameda|Altamira Banda Show|Altan|Altar|Altar|Altar|Altar|Altar Boys|Altar Boyz|Alter Bridge|Alter Ego|Altered Images|Altern 8|The Alternate Routes|Alternations|Althea|Althea McQueen|Althea Rene|Althea Smith|Altima|Altitude|Altiyan Childs|Altmash Faridi|Alto Mando|Alto Reed|Alto Voltaje|Alton "Wokie" Stewart|Alton & Johnny|The Alton Brown Trio|Alton Edwards|Alton McClain|Alton McClain & Destiny|Altz|Alun Francis|Aluna|AlunaGeorge|Alvara2 de La Sierra|Alvaro|Álvaro Díaz|Alvaro Diez|Alvaro Estrella|Álvaro Fuentes|Alvaro Pava|Alvaro Soler|Alvaro Torres|Alvin|Alvin|Alvin & the Chipmunks|Alvin And The Chipmunks|Alvin Cash|Alvin Cash & the Crawlers|Alvin Cash & The Registers|Alvin Chea|Alvin Clayton Pope|Alvin Crow|Alvin Darling|Alvin Darling & Celebration|Alvin Ewen|Alvin Hayes|Alvin Lee|Alvin Lee|Alvin Patterson|Alvin Pazant|Alvin Risk|Alvin Robinson|Alvin Slaughter|Alvin Youngblood Hart|Alvino Bennett|Alvis Moorer|Alvvays|Alx Veliz|ALX Villarreal|Aly|Aly|Aly & AJ|Aly Bain|Aly-Us|Alycia Cooper|Alyrio Lima|Alysa Bracquel|Alysha Warren|Alyson|Alyson Calagna|Alyson Hannigan|Alyson Hannigan/Adam Campbell|Alyson Michalka/Amanda Michalka|Alyson Stoner|Alyson Stoner/Lucas Grabeel|Alyson Williams|Alyson Williams (Featuring Nikki D)|Alyssa Barlow|Alyssa Bernal|Alyssa Bonagura|Alyssa Graham|Alyssa Mendonsa|Alyssa Micaela|Alyssa Milano|Alyssa Palmer|Alyssa Reid|Alyssa Rubino|Alyssa Ruschak|Alyusha|Alyze Elyse|Am Kidd|AM Taxi|AM-FM|AM/FM|Amadee Castenell, Jr.|Amadeus|Amadeus Quartet|Amadeus String Quartet|Amado Batista|Amado Jr. Garza|Amador & Carrillo|Amador Alvarado|Amador Rivas|Amadou & Mariam|Amadou Bagayoko|Amadou Dioulde Diallo|Amaia Montero|Amaia Romero|Amalee|Amalia Hoje|Amanaska|Amanda|Amanda|Amanda Bergman|Amanda Blake|Amanda Blank|Amanda Blue|Amanda Brigham|Amanda Brown|Amanda Brown|Amanda Bynes|Amanda Bynes/Channing Tatum|Amanda Bynes/Sara Paxton|Amanda Carr|Amanda Cole|Amanda Cook|Amanda Diva|Amanda Fondell|Amanda Forsythe|Amanda Ghost|Amanda Glanfield|Amanda Homi|Amanda Jenssen|Amanda Kramer|Amanda Lear|Amanda Lear|Amanda Lee Peers|Amanda Marshall|Amanda Miguel|Amanda Mills|Amanda Morra|Amanda Palmer|Amanda Pays|Amanda Peet|Amanda Perez|Amanda Peterson|Amanda Quist|Amanda Renee|Amanda Righetti/Cerina Vincent|Amanda Root|Amanda Scheer-Demme|Amanda Schull/Zoe Saldana|Amanda Schull/Zoe Saldana (dupe 1)|Amanda Seyfried|Amanda Shelby|Amanda Shires|Amanda Stott|Amanda Tannen|Amanda Tapping|Amanda Troya|Amanda Vincent|Amanda Watkins|Amanda Wilkinson|Amanda Wilson|Amanda Wyss|Amandah Wilkinson|Amandine Bourgeois|Amandititita|Amanecer|Amannda|Amant|Amar Arshi|Amar Khalil|Amar Sandhu|Amara La Negra|Amaral|Amarante|Amaranthe|Amarena|Amarfis Aquino|Amarfis y la Banda de Atakke|Amari|Amarillo|Amaro|Amason|Amatsuki|Amaury Gutiérrez|Amaury Vassili|AMAZ|Amazarashi|The Amazing|Amazing Grace|Amazing Rhythm Aces|The Amazing Rhythm Aces|Amazing V|The Amazons|Amazulu|AMB|Amba Shepherd|Ambar|Ambassador|The Ambassador|Ambassador Bobby Jones|Ambassadors Of Funk|Ambbas|Amber|Amber|AMBER (dupe 1)|Amber An, Show Lo|Amber Bullock|Amber Carrington|Amber Coffman|Amber Dirks|Amber Dotson|Amber Hayes|Amber Kuo|Amber Kuo|Amber Kuo|Amber Kuo & Cai Guoqing|Amber Lily|Amber Mark Featuring Mia Mark|Amber Pacific|Amber Riley|Amber Ross|Amber Run|Amber Stassi|Amber Tamblyn/America Ferrera|Amber Tamblyn/Arielle Kebbel|Amber Tamblyn/Joe Mantegna|Amber Webber|AmberRose Marie|Ambersunshower|Ambitious Lovers|Ambl Lyrics|The Amboy Dukes|Ambra|Ambrose Akinmusire|Ambrosia|Ambush|Âme|Amedeo Pace|Amee Joy Williamson|Ameerah|Ameile Berrabah|Amel Bent|Amel Larrieux|Amelia Lily|Amelie Veille|Amelle Berrabah|Amely|Amen|Amen Dunes|Amen Featuring Luvain|America|America|America Ferrara|America Ferrera/Eric Mabius|America Olivo|America Sierra|America The Beautiful|America's Most Wanted|American Angel|American Aquarium|American Authors|American Bang|The American Boychoir|The American Breed|American Composers Orchestra|American Composers Orchestra (Davies)|American Dad Cast|American Dream|American Drive|American Fangs|American Flyer|American Football|American Gypsy|American Head Charge|American Hi-Fi|American Horror Story Cast|American Idol Finalists|American Idol Top 8|American Juniors|American Minor|American Music Club|American Pearl|The American Scene|American Sharks|American Symphony Orchestra|American Tenors|American Young|Americana|AMERICANO|The Americanos|Amerie|Amery AWOL Smith|The Ames Brothers|Amethystium|Ame_No_Parade|Amfree|AMG|Ami Dolenz|Ami Onuki|Amici Forever|Amick Byram|Amick Byram (dupe 1)|Amidst The Grave's Demons|Amie Comeaux|Amigos|Amihai Grosz|Amii Stewart|Amiina|Amikyu Danji|Amil|Amina|Amina Alaoui|Amina Buddafly|Amine|Aminé|Aminé|Amine (French Artist)|Amine Edge|Amir|Amir|Amir|Amir Amargan|Amir Derakh|Amir Miles Featuring Nxfce|Amir Obe|Amira|Amira Willighagen|Amish J. McDonald|Amit Catterjee|Amit Duvdevani|Amit Mishra|Amit Paul|Amita|The Amity Affliction|Amlak Tafari|ammoflight|Ammon Tharp|Ammonia|Amo Cost|Amon Amarth|Amon Düül|Amon Rashidi|Amon Tobin|Among the Thirsty|Amor Artis Chamber Choir|Amor Elecctro|Amorartis Chamber Choir|Amoray|Amoretta|Amoretto|Amorphis|Amorphous Androgynous|Amos|Amos Lee|Amos Memon|Amp Fiddler|Amp Live|Ampage Iron Horse|Amparo Higuera|Amparo Llanos|Ampersand|Ampichino|Amplive|AMpm|The Amps|Amr Diab|Amr Zaid|Amrita|Amrita Kak|Amsterdam Philharmonic Orchestra|Amsterdam Sinfonietta|Amtr@k Jrny|Amtrac|Amuka|Amuzement Park Band|Amy|Amy & Willie K|Amy Adams|Amy Adams/Patrick Dempsey|Amy Bento|Amy Bolton|Amy Brenneman|Amy Cole|Amy Dalley|Amy Dalley|Amy Diamond|Amy Dickson|Amy Dolenz|Amy Elizabeth Cimorelli|Amy Galbraith|Amy Gilliom|Amy Grant|Amy Hanaiali'i|Amy Heidemann|Amy Helm|Amy Holland|Amy Irving|Amy Keys|Amy Lee|Amy MacDonald|Amy Madigan|Amy Meredith|Amy Millan|Amy Miller|Amy Morriss|Amy Pearson|Amy Perry|Amy Ray|Amy Schumer|Amy Sedaris|Amy Shark|Amy Shark|Amy Sky|Amy Smart|Amy Smart/John Cleese|Amy Stroup|Amy Sue Harding|Amy Vachal|Amy Weber|Amy Winehouse|Amy Wooley|Amy Yasbeck|Amylie|Amyth|An Emotional Fish|An Horse|An Jae Wook|An Ji (Sha Bojun)|An-ya|An1|Ana|Ana Bárbara|Ana Belén|Ana Caban|Ana Carolina|Ana Cristina|Ana Free|Ana Gabriel|Ana Gasteyer|Ana Isabelle|Ana Karla Escobar|Ana Lains|Ana Laura|Ana Maria Lombo|Ana Maria Martinez|Ana Matronic|Ana Moura|Ana Paula|Ana Popovic|Ana Rezende|Ana Tijoux|Ana Torroja|Ana Victoria|Ana Voog|Anaal Nathrakh|Anabel Romero|Anacostia|Anael|Anael & Bradfield|Anahi|Anahi Portilla|Anahi, Jay & Ale|Anaís|Anais Lameche|Anais Mitchell|Analog People In A Digital World|Analog Players Society|Anamanaguchi|Anamari|Anami Vice|Anamor|Anand Wilder|Ananda Project|The Ananda Project|Anané|Anarbor|Anarcrusan|Anasol|Anastacia|Anastasi|Anastasia|Anastasia Hille/Karel Roden|Anastasios Rammos|Anat Cohen|Anat Fort|Anathallo|Anathema|Anavae|Anavi|Anavitória|Anaysha|Anberlin|Anbessa|Anchor & Braille|Anchor North|Anchor Worship|anchor&braille|Anchored|Ancient|Ancient Astronauts|Anciients|And Hell Followed With|And One|And Then There Were None|And.Y|Andain|Andalucian Dogs|Andee|Anderlust|Anders|Anders B|Anders Björler|Anders Colsefni|Anders Fernette|Anders Fridén|Anders Glenmark|Anders Hansson|Anders Hernestam|Anders Jivarp|Anders Kjølholm|Anders Nilsen|Anders Nordin|Anders Nyström|Anders Osborne|Anders Parker|Anders Reinholdt|Anders Remmer|Anders Rundblad|Anders SG|Anders Stenmo|Anders Teglund|Anderson|Anderson "The Spider" Silva|Anderson & Roe|Anderson & Thacher|Anderson & Thatcher|Anderson .Paak|Anderson / Stolt|Anderson Bruford Wakeman Howe|Anderson Cooper|Anderson East|Anderson Paak|Anderson Sanctuary Choir|Anderson, Bruford, Wakeman, Howe|AndersonPonty Band|Andi|Andi & Alex|AndI & The Brown Sisters|Andi Deris|Andi Toma|Andia|Andiamo|Andie Case|Andie MacDowell|Andie Rathbone|Andja Salerno-Sonnenberg|Ando!|Andols Herrick|Andra|Andra Day|Andra Faye McIntosh|Andra Generationen|Andra Willis|Andraé Crouch|Andras Schiff|Andre "007" Barnes|Andre "Dres" Titus|Andre "Krazy Drazyz" Weston|André 3000|André Andersen|Andre Baeza|Andre Benjamin/Antwan A. Patton|Andre Burnham|Andre Cavor|André Cluytens|Andre Crom|André Cymone|Andre Dalyrimple|Andre de Ridder|Andre Delano|André Fischer|André Gagnon|Andre Gower|Andre Gower/Duncan Regehr|André Hazes|Andre Hazes Jr|André Hazes, Jr.|André Kostelanetz|Andre Legacy|Andre Linman|Andre Mieux|Andre Nickatina|André Olbrich|André Previn|Andre Ray|Andre Reyes|André Rieu|Andre Rieu With The Johann Strauss Orchestra|André Sardet|Andre Segovia|Andre The Giant|André Van Duin|Andre Wahl|André Ward|Andre Watts|Andre Williams|Andre Wilson|Andrea|Andrea Anatola|Andrea Begley|Andrea Berg|Andrea Bocelli|Andrea Britton|Andrea Brown|Andrea Burns|Andrea Carnell|Andrea Carroll|Andrea Corr|Andrea De Rocco|Andrea Doria|Andrea Echeverri|Andrea Estella|Andrea Faustini|Andrea Ferro|Andrea Fornili|Andrea Helms|Andrea Henry|Andrea Heukamp|Andrea Jurgens|Andrea Lewis|Andrea Lindsay|Andrea Lindsay & Luc De Larochelliere|Andrea Loper|Andrea Marcon|Andrea Marcovicci|Andrea Mariano|Andrea Martin|Andrea McArdle|Andrea McClurkin-Mellini|Andrea Moe|Andrea Parker|Andrea Pesce|Andrea Razzauti|Andrea Rosario|Andrea Roth|Andrea Simpson|Andrea True|Andrea True Connection|The Andrea True Connection|Andrea Zollo|Andréanne A. Malette|Andreas|Andreas "Dedi" Herde|Andreas "Nowi" Nowak|Andreas "Tossi" Gross|Andreas Axelsson|Andreas Bayless|Andreas Bourani|Andreas Brobjer|Andreas Brugger|Andreas Bruh|Andreas Crap|Andreas Da Man|Andreas Gabalier|Andreas Grega|Andreas Hohmann|Andreas Johansson|Andreas Johnson|Andreas Jørnvil|Andreas Kisser|Andreas Kummert|Andreas Moe|Andreas Moss|Andreas Nowak|Andreas Öhrn|Andreas Ottensamer|Andreas Passmark|Andreas Rieke|Andreas Rodlund|Andreas Scholl|Andreas Staier|Andreas Varady|Andreas Vollenweider|Andreas Wijk|Andreas Wisniewski|Andree Maranda|Andrée Watters|Andree Watters & Sylvain Cossette|Andreea Banica|Andrej Chalimon|Andres|Andrés Calamaro|Andres Cepeda|Andres Cuervo|Andres DeLos Santos|Andres Dvicio|Andres Fierro|Andres Gant|Andrés Giraldo|Andrés Jiménez|Andres Jimenez "El Jibaro"|Andres Jimenez: El Jibaro|Andres Levin|Andres Márquez|Andres Marquez "El Macizo"|Andres Mijangos|Andrés Segovia|Andres Suarez|Andres Vial|Andress Fierro|Andrew|Andrew "Mushroom" Vowles|Andrew Allen|Andrew Allen|Andrew Ampaya|Andrew Arcurio|Andrew Armstrong|Andrew Bailey|Andrew Barker|Andrew Barr|Andrew Bayer|Andrew Bees|Andrew Belle|Andrew Bird|Andrew Black|Andrew Blake|Andrew Bonner|Andrew Borstein|Andrew Breit|Andrew Butler|Andrew Carey|Andrew Carlton|Andrew Carwood|Andrew Chudy|Andrew Clark|Andrew Combs|Andrew Copeland|Andrew Cry|Andrew Cyrille|Andrew Dawes|Andrew De Torres|Andrew Dice Clay|Andrew Divoff|Andrew Dost|Andrew Duffield|Andrew Duplantis|Andrew Edge|Andrew Elderbaum|Andrew Eldritch|Andrew Elt|Andrew Everding|Andrew F|Andrew Falkous|Andrew Farriss|Andrew Fletcher|Andrew Forsman|Andrew Foster-Williams|Andrew Fry|Andrew Galea|Andrew Galeon|Andrew Gant|Andrew Garcia|Andrew Gill|Andrew Goddard|Andrew Godwin|Andrew Gold|Andrew Gomez|Andrew Gonzales|Andrew Goodsight|Andrew Gray|Andrew Greene|Andrew Grosse|Andrew Gruhn|Andrew Hale|Andrew Hall|Andrew Hawkley|Andrew Hill|Andrew Hill Trio|Andrew Hodgkins|Andrew Howard|Andrew Hurley|Andrew Hyatt|Andrew Innes|Andrew Jackson|Andrew Jackson Jihad|Andrew James|Andrew Johnson|Andrew Johnston|Andrew Jones|Andrew Jordan|Andrew Kinlochen|Andrew Knott|Andrew Lamarche|Andrew Langer|Andrew Lawrence-King|Andrew Levy|Andrew Litton|Andrew Lloyd|Andrew Lloyd Webber|Andrew Lucas|Andrew Macmillan|Andrew Maes|Andrew Mann|Andrew Manze|Andrew Marcus|Andrew Martin|Andrew McCarthy|Andrew McCarthy/Jonathan Silverman|Andrew McCracken|Andrew McDonald|Andrew McFarland|Andrew McGee|Andrew McKeag|Andrew McKeller|Andrew McMahon|Andrew McMahon In the Wilderness|Andrew Mears|Andrew Meunier|Andrew Minervini|Andrew Moore|Andrew Neu|Andrew Neufeld|Andrew Noland|Andrew Parrott|Andrew Pendlebury|Andrew Peterson|Andrew Phillips|Andrew Poliakoff|Andrew Polin|Andrew Rangell|Andrew Ranken|Andrew Rayel|Andrew Richards|Andrew Ridgeley|Andrew Ripp|Andrew Roachford|Andrew Robinson|Andrew Robinson/Clare Higgins|Andrew Rothbard|Andrew Schar|Andrew Schultze|Andrew Schwab|Andrew Scott|Andrew Seeley|Andrew Seward|Andrew Sherriff|Andrew Shirley|Andrew Shives|Andrew Shue/Heather Locklear|Andrew Spencer|Andrew Stafford|Andrew Stanton|Andrew Staples|Andrew Steele|Andrew Stockdale|Andrew T. Miller|Andrew Tan|Andrew Tan|Andrew Tan|Andrew Thomas|Andrew Thompson|Andrew Thompson|Andrew Thrasher|Andrew Tinker|Andrew Tweedie|Andrew Usenik|Andrew VanWyngarden|Andrew Volpe|Andrew Von Oeyen|Andrew W.K.|Andrew Watt|Andrew Weatherall|Andrew Weil|Andrew Weiss|Andrew Welch|Andrew Wetzel|Andrew White|Andrew Whiteman|Andrew Whiting|Andrew Williams|Andrew Winn|Andrew Wood|Andrew Woolfolk|Andrew Wooten|Andrew Wyatt|Andrew York|The Andrews Sisters|Andrey Boreyko|Andreya Triana|Andriana Babali|Andricka Hall|Andricka Hall (dupe 1)|Andris Nelsons|Androgeny Featuring Michael M.|Androp|ANDRU|Andru Donalds|Andrzej Piaseczny|Andy "Coatimundi" Hernandez|Andy "Outbreak" Granelli|Andy & Lucas|Andy & The Lamboy|Andy Abad|Andy Abraham|Andy Aguilera|Andy Allo|Andy Alston|Andy Anderson|Andy Andy|Andy Arahood|Andy Barlow|Andy Bell|Andy Bell|Andy Bey|Andy Black|Andy Blazquez|Andy Blunda|Andy Boucher|Andy Bown|Andy Boy|Andy Brewer|Andy Brookins|Andy Brown|Andy Brown|Andy Burrows|Andy Cabic|Andy Cairns|Andy Caldwell|Andy Carlson|Andy Carrell|Andy Cato|Andy Chase|Andy Cherry|Andy Childs|Andy Chrisman|Andy Christell|Andy Connell|Andy Cook|Andy Corwin|Andy Couzens|Andy Cox|Andy Craig|Andy Creeggan|Andy Curtis|Andy Dalton|Andy Darrigo|Andy Davis|Andy DeLuca|Andy DeMize|Andy Diagram|Andy Duncan|Andy Dunlop|Andy Fairweather Low|Andy Falco|Andy Farag|Andy Faulkner|Andy Flag|Andy Fletcher|Andy Fraser|Andy Fry|Andy Garcia|Andy Garcia|Andy Garcia/Dustin Hoffman|Andy Gardner|Andy Gauthier|Andy Gibb|Andy Gibson|Andy Giddings|Andy Gill|Andy Goessling|Andy Goldman|Andy González|Andy Grammer|Andy Grier|Andy Griffith|Andy Griffith/Linda Purl|Andy Griffith/Ron Howard|Andy Griggs|Andy Growcott|Andy Guerrero|Andy Hall|Andy Hargreaves|Andy Herrick|Andy Hess|Andy Hobson|Andy Hopkins|Andy Hughes|Andy Hull|Andy Hull|Andy Hull|Andy Hummell|Andy Hunter|Andy Husted|Andy Jackson|Andy James|Andy Jones|Andy Karl|Andy Kaufman|Andy Khachaturian|Andy Kim|Andy Kline|Andy Kowalski|Andy Kubiszewski|Andy Kulberg|Andy LaRocque|Andy Lau|Andy Lau|Andy Lau|Andy Lau|Andy Lau, Huang Xiaoming, Shen Teng|Andy LaVerne|Andy Lee Smith|Andy Lepak|Andy Lewis|Andy Mackay|Andy Maddox|Andy Manning|Andy Manston|Andy McCluskey|Andy McCreeth|Andy McKee|Andy McKee|Andy McKinney|Andy McMaster|Andy McVann|Andy Metcalfe|Andy Milburn|Andy Miller|Andy Milo|Andy Mineo|Andy Mithcell|Andy Monaghan|Andy Montañez|Andy Montaqez|Andy Moore|Andy Mrotek|Andy Murphy|Andy Narell|Andy Newman|Andy Newmark|Andy Nicholson|Andy Norton|Andy Palacio|Andy Palacio & The Garifuna Collective|Andy Parker|Andy Partridge|Andy Patil|Andy Peake|Andy Pemberton|Andy Penn|Andy Perry|Andy Piercy|Andy Pipkin|Andy Platfoot|Andy Pratt|Andy Prieboy|Andy Pyle|Andy Ramsay|Andy Reed|Andy Reiss|Andy Richter|Andy Riviera|Andy Roddick|Andy Rose|Andy Ross|Andy Rourke|Andy Rowley|Andy Russ|Andy Russell|Andy Ryan|Andy Rysdam|Andy Samberg|Andy Samberg/Isla Fisher|Andy Sandford|Andy Scott|Andy Shauf|Andy Sheldon|Andy Sheppard|Andy Sherman|Andy Sierens A.K.A. Vijvenveer|Andy Silvester|Andy Six|Andy Smith|Andy Smith|Andy Smith|Andy Snitzer|Andy Solomon|Andy Spearpoint|Andy Stack|Andy Stanley|Andy Statman|Andy Stein|Andy Stennett|Andy Stewart|Andy Stott|Andy Strachan|Andy Street|Andy Sturmer|Andy Summers|Andy Summers And Robert Fripp|Andy Suzuki|Andy T / Nick Nixon Band|Andy T-Nick Nixon Band|Andy Tanas|Andy Taylor|Andy Timmons|Andy Todd|Andy Trick|Andy Turner|Andy Wells|Andy West|Andy Whitfield|Andy Wickett|Andy Wildrick|Andy Williams|Andy Williams|Andy Williams|Andy Williams|Andy Winters|Andy York|Andy Zulla|Andy's Val Gourmet|andymori|Ane Brun|AneBrun|Aneeka|Aneesh Gera|Aneeta Beat|Aneka|Aneta Sablik|Anette Olzon|Anew Revolution|Angaleena Presley|Angee Griffin|Angel|Angel|Angel|Angel|Angel|Angel & Khriz|Angel (dupe 1)|Angel (dupe 2)|Angel Arce|Angel Aviles|Ángel Baillo|Angel Burgess & The San Jose Community Choir|Angel Canales|Angel City|Angel City|Angel Clivillés|Angel Clivilles (dupe 1)|Angel Doze|Angel Fresnillo|Angel García|Angel Gil-Ordonez|Angel Grant|Angel Haze|Angel Hernandez|Angel Ibarra|Angel Javier|Angel Joel|Angel Julian|Angel L. Hernandez|Angel Laez|Angel Lopez|Angel Moore|Angel Moraes|Angel Morales|Angel Olsen|Angel Perez|Angel Ramirez, Jr.|Angel Rivera Guzman|Angel Romero|Angel South|Angel Taylor|Angel Taylor|Angel y Khriz|Angel Y Khriz Y Jon Erick|Angela|Angela|Angela & Jennifer Chun|Angela Aames|Angela Aguilar|Angela Aki|Angela Ammons|Angela An|Angela Andrianina|Angela Bassett|Angela Bassett/Derek Luke|Angela Bassett/Joan Rivers|Angela Bassett/Rick Fox|Angela Bassett/Whoopi Goldberg|Angela Bofill|Angela Brower|Angela Carrasco|Angela Chang|Angela Clemmons|Angela Devine|Angela Gannon|Angela Gheorghiu|Angela Gheorghiu/Ainhoa Arteta|Angela Gossow|Angela Grovey|Angela Henderson|Angela Henn|Angela Hewitt|Angela Howell|Angela Hunte|Angela Hunte|Angela Johnson|Angela Kaye|Angela Lansbury|Angela Lewis|Angela Maria Forero|Angela McCluskey|Angela Morales|Angela Shella|Angela Spivey|Angela Spivey & the Voices of Victory|Angela Via|Angela Winbush|Angela Yoffe|Angela Zhang|Angela Zhang|Angela Zhang|Angela Zhang|Angela Zhang|Angela Zhang|Angela Zhang|Angela Zhang|Angela Zhang|Angèle Dubeau|Angele Dubeau & La Pieta|Angeles|Angeles|Angeles|Angeles Ochoa|Angelic|Angelic Gospel Singers|Angelic Voices of Faith|Angelica|Angelica Chaplin|Angelica DeNo|Angelica Joni|Angelica Maria|Angelica Maria Y Vicente Fernandez|Angélico|Angelika Dusk|Angelika Vee|Angelina|Angelina Jolie|Angelina Jolie/Dan Futterman|Angelina Jolie/Edward Burns|Angelina Jolie/Gerard Butler|Angelina Jolie/John Malkovich|Angelina Lavo|Angelina Moysov|Angeline Quinto|Angelique|Angélique Kidjo|Angelis|Angelito Villalona|Angella Ahn|Angella Christie|Angelmoon|Angelo|Angelo|Angelo "Pocholo" Velez|Angelo & Veronica|Angelo Badalamenti|Angelo Bond|Angelo Bruschini|Angelo d'Aleo|Angelo Earl|Angelo Garcia|Angelo Moore|Angelo Parente|Angelo Petraglia|Angelo Petrucci|Angelo Rossi|Angelo Venuto|Angels|The Angels|The Angels|The Angels|Angels & Airwaves|Angels & Spirits|Angels Cut|Angerme|Angger Dimas|Anggun|Angi3|Angie & Debbie Winans|Angie And Debbie|Angie Aparo|Angie B|Angie Be|Angie Brown|Angie Carlson|Angie Everhart/Daniel Baldwin|Angie Fisher|Angie Gold|Angie Hart|Angie Irons|Angie Martinez|Angie Miller|Angie St. Phillips|Angie Stone|Angie White|Angie Winans|Angry Angles|The Angry Kids|Angry Kids Vs. Bob Marley|Angry String Orchestra|Angus & Julia Stone|Angus And Julia Stone|Angus Andrew|Angus Clark|Angus Cooke|Angus Gaye|Angus MacFadyen|Angus MacLise|Angus R. Grant|Angus Smith|Angus Stone|Angus Young|Angy Kore|Ani Choying Drolma|Ani DiFranco|Ani Lorak|Ani Saunders|Ania|Anibal Bravo|Anibal de Gracia y Sus Invitados|Anibal Sierra|Aniceto Molina|Aniela Perry|Anige Winans|Anik Jean|Anik Khan|Anika Noni Rose|Anima|ANIMA!|Animal Bag|Animal Collective|Animal Kingdom|Animal Logic|The Animals|Animals as Leaders|Animaniacs|Animate Invent|Animated|Animation|Anime|Animo|Animosity|Animotion|Anini|Aninia|Anirudh Ravichander|Anis|Anisa Romero|Anise K|Anita|Anita & Th' So-And-So's|Anita And Th' So-And-So's|Anita Antoinette|Anita Baker|Anita Bryant|Anita Carger|Anita Carter|Anita Cochran|Anita Doth|Anita Harris|Anita Humes|The Anita Kerr Singers|Anita Lerche|Anita Louis|Anita Meyer|Anita Moorjani / Barry Goldstein|Anita Pointer|Anita Prime|Anita Rachvelishvili|Anita Renfroe|Anita Robinson|Anita Ross|Anita Tijoux|Anita Ward|Anita Wilson|Anitta|Anja Harteros|Anja Lechner|Anjali|Anjani|Anjelica Huston|Anjos|Anjulie|Anka Wolbert|Ankerstjerne|Ankerstjerne & Burhan G|Ankit Tiwari|Ankou Team|Anly|Anmri|Ann Bailey|Ann Bennett-Nesby|Ann Cole|Ann Consuelo|Ann Curless|Ann Dusenberry|Ann G.|Ann Hallenberg|Ann Hampton Callaway|Ann Hines|Ann J.Morton|Ann Lee|Ann Margaret|Ann Marie Milazzo|Ann Marie Smith|Ann Nesby|Ann Panagulias|Ann Peebles|Ann Rabson|Ann Robinson|Ann Ruckert|Ann Saunderson|Ann Savoy|Ann Sexton|Ann Sheridan|Ann Sophie|Ann White|Ann Wilson|Ann-Margret|Ann-Marie Smith|ANNA|Anna Abreu|Anna Bergendahl|Anna Book|Anna Bulbrook|Anna Burch|Anna Calvi|Anna Chlumsky|Anna Danes|Anna David|Anna Eriksson|Anna Faris|Anna Faris/Colin Hanks|Anna Faris/Jon Abrahams|Anna Faris/Regina Hall|Anna Farris|Anna Fateeva|Anna Friel|Anna Golden|Anna Grace|Anna Gunn|Anna Guo|Anna Jarvinen|Anna Kanzig|Anna Kendrick|Anna Kendrick and Justin Timberlake|Anna King|Anna Kova|Anna LaCazio|Anna Lunoe|Anna Margaret|Anna Maria Friman|Anna Maria Jopek|Anna Maria Mühe|Anna Maria Perez de Tagie|Anna Marie|Anna Marie Goddard|Anna McGarrigle|Anna Moffo|Anna Murphy|Anna Naklab|Anna Nalick|Anna Netrebko|Anna Ní Mhaonaigh|Anna Nicole Smith|Anna of the North|Anna Oxa|Anna Paquin|Anna Phoebe|Anna Pitchon|Anna Prohaska|Anna Puu|AnNa R.|Anna Robinson|Anna Roman|Anna Rossinelli|Anna Russell|Anna Schulte|Anna Spence|Anna Starushkevych|Anna Sudderth|Anna Sundstrand|Anna Tatangelo|Anna Ternheim|Anna Thorvaldsdottir|Anna Torv|Anna Tsuchiya|Anna Verhoeven|Anna Vissi|Anna von Hausswolff|Anna Waronker|Anna Wilson|Anna Wise|Anna Wright|Annabel Fay|Annabel Jones|Annabella|Annabella Lwin|Annabella Sciorra|Annabelle Chvostek|Annabelle Doucet|Annabeth Gish|Annabouboula|AnnaGrace|Annah Mac|Annalé|Annalisa|Annalisa|Annalisa|Annalisa Ewald|Annasophia Robb|Anne Akiko Meyers|Anne Archer|Anne Bancroft|Anne Beatts|Anne Bobby|Anne Bogan|Anne Christine|Anne Cochran|Anne DeMarinis|Anne Dudley|Anne Fitzgerald|Anne Francis|Anne G.|Anne Gadegaard|Anne Geddes|Anne Govaert|Anne Haslem|Anne Hathaway|Anne Hathaway/Glenn Close|Anne Hathaway/James McAvoy|Anne Hathaway/Julie Andrews|Anne Hathaway/Patrick Wilson|Anne Hathaway/Rosemarie DeWitt|Anne Heche|Anne Judson-Yager/Bree Turner|Anne Lesear|Anne Linnet|Anne Marit Bergheim|Anne McCue|Anne Mellinger|Anne Murray|Anne Murray W/ Diana Krall|Anne Parillaud|Anne Ross|Anne Schedeen|Anne Sofie von Otter|Anne-Marie|Anne-Marie|Anne-Marie Morgan|Anne-Sophie Mutter|Anneli Drecker|Anneli Marian Drecker|Annelies Kuijsters|Annemarie Brohm|Annemie Coenen|AnnenMayKantereit|Annett Louisan|Annette|Annette|Annette Beard|Annette Bening|Annette Bening/Brian Cox|Annette Funicello|Annette Guest|Annette Humpe|Annette Kleinbard|Annette Moreno|Annette O'Toole|Annette Snell|Annette Strean|Annette Taylor|Annette Williams|Annette with the Afterbeats|Annette Zilinskas|Anni-Frid Lyngstad|Annie|Annie Baltic|Annie Blanchard|Annie Hart|Annie Herring|Annie Holland|Annie Laurie|Annie LeBlanc|Annie LeBlanc|Annie Lennox|Annie Lennox & Al Green|Annie Mac|Annie Mall|Annie Monroe|Annie Moses Band|Annie Ross|Annie Sertich|Annie Sutton|Annie Villeneuve|Annie Villeneuve & Les Soeurs Riverin|Annie Whitehead|Annie Wolaver|Annihilator|Annika Chambers|Annika Ljungberg|Annika Norlin|Annika Wells|The Anniversary|Annotations of an Autopsy|Annoying Orange|Annri Kumaki|Annuals|Anny|Anohni|Anointed|The Anointed Pace Sisters|Anomalie|Anonymous|Anonymous 4|Anotha Level|Another Animal|Another Bad Creation|Another Black Day|Another Black Day (dupe 1)|Another Level|Another Level Featuring TQ|Another Lost Year|Anouar Brahem|Anouk|Anouk|Anouk|Anoushka Shankar|ANoyd|Anquette|Anreea Banica|Ansel Cridland|Ansel Elgort|Anselmo Ralph|Ansiktet|Ansolo|Anson Williams|Anssi Kela|The Answer|Answered Questions|Ant|Ant Banks|Ant Banks Presents T.W.D.Y.|Antal Doráti|Antara Mitra|Antemasque|Antenor Moreyra Lima|Antero Manninen|Antero Mertaranta|Antero Ugalde|Anth M|Anthem Kingz|Anthem Lights|Anthm|Anthony|Anthony "Civ" Civarelli|Anthony "Romeo" Santos|Anthony & Jasmin|Anthony & the Camp|Anthony & The Imperials|Anthony (Tich) Critchlow|Anthony Acid|Anthony Anderson|Anthony Armstrong|Anthony Armstrong Jones|Anthony Arnone|Anthony Atamanuik|Anthony Attalla|Anthony B|Anthony Barrie|Anthony Boscarini|Anthony Bourdain|Anthony Bramante|Anthony Brock|Anthony Brown|Anthony Brown|Anthony Brown|Anthony Brown & Group Therapy|Anthony Brown & group therAPy|Anthony Burger|Anthony Burulcich|Anthony Callea|Anthony Callea with The Melbourne Symphony Orchestra|Anthony Cangelosi|Anthony Celestino|Anthony Chaplain|Anthony Cole|Anthony Colon|Anthony Crawford|Anthony Cruz|Anthony Curry|Anthony D'Amato|Anthony David|Anthony de Franco|Anthony de Mare|Anthony DeVito|Anthony DiIonno|Anthony Dilonno|Anthony Drennan|Anthony Edwards/Noah Wyle|Anthony Esposito|Anthony Evans|Anthony Evans|Anthony Evans|Anthony Fedorov|Anthony Field|Anthony Flammia|Anthony Fuller|Anthony Galindo|Anthony Gomes|Anthony Gonzalez|Anthony Gonzalez|Anthony Gonzalez|Anthony Green|Anthony Gunnels|Anthony Hall|Anthony Hamilton|Anthony Harrell|Anthony Hopkins|Anthony Hopkins/Anton Yelchin|Anthony Hopkins/Chris Rock|Anthony Hopkins/Demi Moore|Anthony Hopkins/Diane Ladd|Anthony Hopkins/Edward Norton|Anthony Hopkins/Edward Norton (dupe 1)|Anthony Hopkins/Jessica Lange|Anthony Hopkins/Julianne Moore|Anthony Hopkins/Ryan Gosling|Anthony Improgo|Anthony Jackson|Anthony Jeselnik|Anthony Johnson|Anthony Jones|Anthony Kearns|Anthony Kenney|Anthony Kiedis|Anthony Koutsos|Anthony Krizan|Anthony Lamont|Anthony LaPaglia/Poppy Montgomery|Anthony Latimore|Anthony Lewis|Anthony Lewis|Anthony Lockett|Anthony Mackie|Anthony Mackie/Wesley Jonathan|Anthony Maldonado|Anthony Michael Hall|Anthony Michael Hall/Robert Downey, Jr.|Anthony Middleton|Anthony Moore|Anthony Nelson|Anthony Nelson & The Overcomer|Anthony Newley|Anthony Perkins|Anthony Phillips|Anthony Quinn|Anthony Ramos|Anthony Raneri|Anthony Rick|Anthony Roman|Anthony Rosano And The Conqueroos|Anthony Rossomando|Anthony Saffery|Anthony Santos|Anthony Smith|Anthony Smith|Anthony Thistlethwaite|Anthony Tintari|Anthony Torres|Anthony Trimble|Anthony Trujillo|Anthony Valcic|Anthony Villacari|Anthony Watson|Anthony Way|Anthony Way & The Warsaw Philharmonia|Anthony White|Anthony Williams|Anthony Wilson|Anthony Zimmitti|Anthrax|Anti Social Media|Anti-Flag|Anti-Mortem|Antibalas|Antic|Antic Cafe|Anticapella|Anticappella|Antigone Rising|Antilopen Gang|Antioch College Worship|AntiochLIVE|Antipas|Antipop Consortium|Antiserum|The Antlers|Antoine|Antoine Clamaran|Antoine Delbeare|Antoine Dodson|Antoine Dunn|Antoine Lundy|Antoine Reed|Antoine Wielemans|Antoinette|Antoinette Roberson|Anton Batagov|Anton Elder|Anton Ewald|Anton Fier|Anton Fig|Anton Glanzelius|Anton Hoglhammer|Anton Karas|Anton Milton|Anton Newcombe|Anton Popovic|Anton Powers|Anton Yelchin/Hope Davis|Anton Yurack|Antone Jones|Antone Tavares|Antonella|Antonella Arancio|Antonella Lo Coco|Antonella Trapani|Antonello Venditti|Antoni Cruz|Antoni Wit|Antonia Bryant|Antonia Rodriguez|Antonia Rodriquez|Antoniette Costa|Antonino|Antonio "El Güero" García|Antonio "Minotauro" Nogueira|Antonio "Tony" Altagracia|Antonio Aguilar|Antonio Aguilar, Hijo|Antonio Allen|Antonio Aranda|Antonio Banderas|Antonio Banderas/Alan Cumming|Antonio Banderas/Angelina Jolie|Antonio Banderas/Catherine Zeta-Jones|Antonio Banderas/Lucy Liu|Antonio Banderas/Rebecca Romijn-Stamos|Antonio Banderas/Rob Brown|Antonio Banderas/Woody Harrelson|Antonio Barrada|Antonio Barullo|Antonio Carlos Jobim|Antonio Carmona|Antonio Cortés|Antonio Cortez|Antonio De Jesus|Antonio DeJesús|Antonio Figueroa|Antonio Hart|Antonio José|Antonio Longo|Antonio Maggio|Antonio Martinez|Antonio Melendez Jr.|Antonio Orozco|Antonio Palomera|Antonio Pappano|Antonio Pompa-Baldi|Antonio Romero|Antonio Romero Monge|Antonio Saenz|Antonio Sanchez|Antonio Sanchez|Antonio Santaella|Antonio Suárez|Antonio Vazquez|Antonio Vega|Antonique Smith|Antonis Remos|Antonis Vardis|Antony|Antony and the Johnsons|Antony Costa|Antony Genn|Antony Langdon|Antony Santos|Antony Sher|Antranig|Antron Haile|Antti Laurila|Antti Tuisku|Antti Ventola|Antto Varilo|Antuan|Antuan & Ray Ray|Antwaun Stanley|Antwon|Antwon Bailey|Antwuan "Tao" Simpson|Anu Komsi|Anu Malik|Anubian Lights|Anuel|Anuel AA|Anuel AA Featuring Farruko|Anuhea|Anúna|Anuradha Paudwal|Anushka|Anvil|Anwar Khurshid|Anwar Robinson|Anweshana|Any Given Day|Anya Marina|Anyone|Anything Box|Anzan|Anzel|Anzu Futaba(Hiromi Igarashi)|AOA|AOA|AOA CREAM|AOBeats|Aobozu|Aof Pongsak|Aoi Teshima|Aoife O'Donovan|Aoife Scott|AOP|Aorta|Aoteroa Reggae All Stars|AP.9|Apache|Apache Indian Featuring Frankie Paul|The Apache Relay|Apani B|Aparna Nancherla|Apartment 26|Apathy|Apathy|APB|Ape Drums|Ape Escape|Apeace|Apecrime|The Apex Theory|Aphex Twin|Aphrodite|Aphrohead|Apink|Apink|Apink|apl.de.ap|Aplus|The Apocalypse Blues Revue|Apocalyptica|Apollo|Apollo 100|Apollo 440|Apollo 9|Apollo Brown|Apollo Drive|Apollo featuring Tom Parker|Apollo Four Forty|Apollo Papathanasio|Apollo's Fire|Apollon (Miyu Irino), Hades(Daisuke Ono), Tsukito(Yuto Murakami),Takeru(Toshiyuki Toyonaga|Apollonia|Apollonia 6|Apollonia Kotero|Apollonia Players|Apoptygma Berzerk|Apostle Dancy|Apostle Donald L. Alford & The Gathering Of Worshipers|Apostle Herman Murray & The FGHT Mass Choir|Apostle Thomas Isaiah Butler|Apostolas Fotiadis|Apotheosis|The Appalachian Pickers|Appaloosa|Apparat|Appice|Appleby|Applejack|Applejack & Starlight Glimmer|The Applejacks|The Applejacks|Apples In Stereo|The Apples in Stereo|Applescal|The Appleseed Cast|Applicat Spectra|Approaching Nirvana|April|April|April (dupe 1)|April Diamond|April George|April Harris|April Hill|April Nevels|April Stevens|April Wayne|April Wine|Aprile Millo|aprilemade|Apulanta|Aqil Davidson|Aqours|Aqua|Aqua Timez|The Aquabats|Aquagen|Aqualung|Aquarian Dream|Aquarians|Aquilo|AraabMuzik|Arab|Arabian Prince|The Arabian Prince|Aracely Arámbula|Araknofobia|Aram Quartet|Aramis|Aramis|Aramis Camilo|Aranda|Aranza|Arash|Arashi|Arb|The Arbors|Arc Angel|Arc Angels|The Arc Angels|Arca|Arca|Arcade|Arcade Fire|Arcade Fire Featuring Mavis Staples|Arcadea|Arcadi Volodos|Arcadia|Arcadio Plancarte|Arcangel|Arcángel|Arcangel|Arcangelo|Arcello Garcia|Arch / Matheos|Arch Enemy|Archer Park|Archer Prewitt|Archer/Park|Archers of Loaf|Archers Rise|Archie|Archie|Archie Bell|Archie Bell|Archie Bell & the Drells|Archie Campbell|Archie Eversole|Archie Larizza|Archie Lee|Archie Tiku|The Archies|Archipelago|Architect Tractitioner Paradise|Architects|Architects UK|Architecture in Helsinki|Archive|Archives|The Archives|Archspire|Archy Marshall|The Arcs|Arctic Monkeys|Arctic Philharmonic|Ardell McDaniel|Ardeshir Farah|Ardor Vom Venushügel|Ardyn|Area 11|Area 305|Area Code 615|AREA21|Areal|Arejay|Arena Rock|Ares|Aretha Franklin|Areti Kosmidou|Argent|Ari Castronovo|Ari Gold|Ari Hest|Ari Katz|Ari Koivunen|Ari Lennox|Ari Pelto|Ari Rasilajnen|Ari Shaffir|Aria|Aria Wallace/Demitrius Joyette|Ariana|Ariana & the Rose|Ariana DeBoo|Ariana Grande|Ariana Grande Featuring Iggy Azalea|Ariana Hodes|Ariana Nicole|Ariana Richards/Andrew Keir|Ariana Savalas|Ariane Brunet|Ariane Brunet Avec Beat Market|Ariane Moffatt|Ariane Schluter/Ad Van Kempen|Arianna|Aric Nitzberg|Arid Andersen|Arie Band|Arie Verveen|Ariel|Ariel Bender|Ariel Camacho|Ariel Camacho Y Los Plebes Del Rancho|Ariel Kalma|Ariel Kalma|Ariel Pink|Ariel Pink's Haunted Graffiti|Ariel Warner|Ariell|Arielle|Arielle Dombasle|Arif Mirabdolbaghi|Arijit Singh|Arik Marshall|Arik Victor|Arika Kane|Arike Rice|Arilena Ara|Arin Older|Arion|Arion Salazar|Arisa|Arisa|Arisa Takigawa|Arise|Aristazabal Hawkes|The Aristocrats|Aristofreeks|Arizona|Arizona|Arizona Featuring Zeitia|Ariztia|Arjana|Arjit Singh|Arjona|Arjun Vagale|The Ark|Ark of the Covenant|Arkade|Arkaea|Arkansas Gospel Mass Choir|Arkarna|Arkells|Arkist|Arko|Arlan Day|Arleen Auger|Arleen Harden|Arlen Roth|Arlen Thompson|Arlene|Arlene Martell|Arlene Newson|Arlene Smith|Arlester "Dyke" Christian|Arley Perez|Arlindo Cruz|Arlo Guthrie|Arm|Armada Orchestra|Armadillo Quartet|Armageddon|Armageddon|Arman Cekin|Armand Assante|Armand Duchien|Armand Majidi|Armand Pena|Armand Van Helden|Armando|Armando Acosta|Armando Aguirre|Armando Aguirre Ramirez|Armando Figueredo|Armando J. Rodríguez|Armando Lichtenberger, Jr.|Armando Manzanero|Armando Morales|Armando Peraza|Armando Pina|Armando Vazquez|Armar'rae Hill|Armar'rae Hill & True Foundation|Armen Chakmakian|Armenta|Armida|Armik|Armin Chami|Armin Mueller-Stahl|Armin Shimerman|Armin van Buuren|Armin van Buuren Featuring Lauren Evans|Armin van Buuren Featuring Trevor Guthrie|Armistead Burwell Smith IV|Armistice|Armonia Atenea|Armor for Sleep|Armor For The Broken|Armored Saint|Army of Anyone|Army of Freshmen|Army of Lovers|Army of Me|Army of the Pharaohs|Arnae|Arnaé|Arnaldo El Mas Querido|Arnaud Samuel|Arnaud Vial|Arne Benoni|Arne Zank|Arnel Pineda|Arnell Carmichael|Arnett Leftenant|Arnett Robinson|Arnez J|Arnie Markus|Arnie Roth|Arnie Rue|Arnie Satin|Arnie States|Arnie Torres|Arnie's Love|Arno|Arno Babajanian|Arno Elias|Arnold Brown|Arnold Lanni|Arnold Mühren|Arnold Robinson|Arnold Schoenberg Chor|Arnold Schwarzenegger|Arnold Schwarzenegger/Elias Koteas|Arnold Schwarzenegger/Linda Hamilton|Arnold Vosloo|Arnor Dan|Aroma|Aron D'Alesio|Aron Magner|Aron Scott Featuring Glorious Inc|Aron Wright|Aronchupa|Around the Way|Arpad Joo|Arpeggio|Arranke|Arrested Development|Arrhult|Arriën Molema|Arrogant|Arron Casida|Arrow|Arrow|Arrow Benjamin|Arrows|Ars Antigua|Ars Magna|Arsenal|Arsenio Hall|Arsis|Arsonists|Arsonists Get All the Girls|Arstidir|Art 'N Soul|Art Alexakis|Art Attack|Art Baldacci|Art Blakey|Art Blakey And The Jazz Messengers|Art Brut|The Art Ensemble of Chicago|Art Farmer|Art Ferrante|Art Garfunkel|Art Glasser|Art in America|Art Karamian|Art Linkletter|Art Lund|Art Madison|Art Meson|Art Mooney And His Orchestra|Art N' Soul|Art Neville|Art of Anarchy|Art of Dying|Art of Fighters|The Art of Noise|Art Pepper|Art Podell|Art Popular|Art Porter|Art Sherrod Jr.|Art Tatum|Art Tawanghar|Art Taylor|Art vs. Science|Art Wilson|Art Wood|Artemesia|The Artful Dodger|Artful Dodger UK|Arthur|Arthur|Arthur "Ace" Enders|Arthur & Friends|Arthur Agatston|Arthur Agee|Arthur Aguiar|Arthur Alexander|Arthur Ashford|Arthur Baker|Arthur Baker & The Backbeat Disciples|Arthur Beatrice|Arthur Blanch|Arthur Brooks|Arthur Brown|Arthur Budd|Arthur Capehart|Arthur Conley|Arthur Crume|Arthur Edwards|Arthur Fiedler|Arthur Franz|Arthur Funkarelli|Arthur Googy|Arthur Grumiaux|Arthur H|Arthur H. Brooks|Arthur Hanlon|Arthur Hill|Arthur Hunnicutt|Arthur Kane|Arthur Kremer|Arthur Lee|Arthur Lyman|Arthur Lyman Group|Arthur Mack|Arthur Phillips|Arthur Prysock|Arthur Reid|Arthur Rubinstein|Arthur Russell|Arthur Sharp|Arthur Shepherd|Arthur Smilios|Arthur Tavares|Arthur Taylor's Wailers|Arthur Verocai|Arthur, Hurley & Gottlieb|Article One|Artie "Blues Boy" White|Artie Cantanzarita|Artie Kaye|Artie Lange|Artie Lange/Ralph Macchio|Artie Shaw|Artie the 1 Man Party|Artie Traum|Artie White|Artifacts|Artifex Pereo|Artificial Brain|Artificial Joy Club|Artikal|Artikal Sound System|Artimus Pyle|Artis Wodehouse|Artist Vs Poet|Artistas Por Haiti|Artistes Varies|Artisti Uniti per L'Abruzzo|Artistic Raw|The Artistics|Artists Against Bullying|Artists For Grenfell|Artists For Haiti|Artists of Then, Now & Forever|Artists Stand Up to Cancer|Artists United Against Apartheid|Artists United For Haiti|Arto Jarvinen|Arto Lindsay|Arto Tissari|Arts And Crafts|Arttu Lindeman|Arttu Wiskari|Artur Rojek|Artur Schnabel|Arturo Arrendondo|Arturo Fuerte|Arturo Jaimes y Los Cantantes|Arturo Macías|Arturo O'Farrill|Arturo O'Farrill & the Afro Latin Jazz Orchestra|Arturo Ortiz|Arturo Ortiz & 7 Con Calle|Arturo Palomar|Arturo Rodriguez|Arturo Sandoval|Arturo Toscanini|Arty|Arty Skye|Artz & Kraftz|ArubaJuice|Arum Rae|Arün|Arun Bali|Arve Henriksen|Arve Henriksen & Teun Verbruggen|Arve Isdal|Arvid|Arvis Strickling-Jones|Arvis Strikling Jones|Arvo Part|Ary|Arya Goggin|Aryan Zero|Arye Gross|As Blood Runs Black|As Cities Burn|As Fast As|As I Lay Dying|As It Is|As Lions|As One|As One|As One|As One (Feat. Verbal Jint)|As Tall as Lions|As They Sleep|As We Ascend|Asa|Asa Soltan|Asa Taccone|Asa-Chang|Asaf Avidan|Asaf Avidan & The Mojos|Asako Toki|Asala Nasri|Asalfo|Asano Tabanobu/Sun Hong Lei|Asante|Asante|Asante|AsapSCIENCE|Ascension|Asche & Spencer|Ascot Royals|ASD|Asdrubal Sierra|Aselin Debison|Ases Falsos|AsFireFalls|Asfru Sierra|ASG|Ásgeir|Asger Techau|Ash|Ash Bowers|Ash Bowie|Ash Koley|Asha|Asha Ali|Asha Bhosle|Asha Sing|Ashanti|Ashburn Miller|Ashe|Ashely Williams|Asher D|Asher Delerme|Asher Fisch|Asher Larrison|Asher Monroe|Asher Roth|Ashes Divide|Ashes of Ares|Ashes Remain|Ashford & Simpson|Ashkenazy (Haitink)|Ashlee|Ashlee Simpson|Ashleigh Ball|Ashleigh Mannix|Ashleigh Smith|Ashley|Ashley Allen|Ashley Ballard|Ashley Bates|Ashley Bathgate|Ashley Beedle|Ashley Benson|Ashley Benson/Cassie Scerbo|Ashley Burleson|Ashley Campbell|Ashley Clark|Ashley Cleveland|Ashley Dzerigian|Ashley Evans|Ashley Gearing|Ashley Hittesdorf|Ashley Ingram|Ashley J|Ashley Jade|Ashley Joi|Ashley Judd/Ewan McGregor|Ashley Judd/Hugh Jackman|Ashley Judd/Michael Shannon|Ashley Judd/Morgan Freeman|Ashley Judd/Tommy Lee Jones|Ashley Laurence|Ashley Lilley|Ashley MacIsaac|Ashley Mason|Ashley McBryde|Ashley Melling|Ashley Monroe|Ashley Mulford|Ashley Olsen|Ashley Parker Angel|Ashley Paul|Ashley Perez Moza|Ashley Poole|Ashley Purdy|Ashley Roberts|Ashley Ruiz|Ashley Scott/Dina Meyer|Ashley Tisdale|Ashley Tisdale/Kevin Pollak|Ashley Wales|Ashley Wass|Ashly Costa/Kym Johnson|Ashlyne Huff|Ashlynne Vince|Ashmont Hill|Asho|Ashton Kutcher|Ashton Kutcher/Seann William Scott|Ashton Kutcher/Tara Reid|Ashton Shepherd|Ashton, Gardner & Dyke|Ashton/Becker/Dente|Ashur Bet Sargis|Asia|Asia & Ashley|Asia Classics 1|Asia Cruise|Asian Kung-Fu Generation|Asian Meditation Music Collective|Asim Saha|Ask Embla|Aska|Aska|ASKA|Aska Yang|Aska Yang|Aska Yang-Just One Time|Askil Holm|Asking Alexandria|Aslan|Aslan|Asleep at the Wheel|Aslyn|Asmik Grigorian|Asobi Seksu|AsOne|ASP|Asp|Asphalt Jungle|Asrock|Ass Ponys|Assala|Assassin|Assassin a.k.a. Agent Sasco|Assassins|Assault & Battery|Assemblage 23|Assemble The Skyline|Assembled Multitude|The Assembled Multitude|Assembly of Dust|Assia Ahhatt|Assjack|The Associates|The Association|Assorted Phlavors|Assuming We Survive|Aste|Aster Aweke|Aster Pheonyx|Asterios Kokkinos|The Asteroids Galaxy Tour|Aston Barrett|Aston Harvey|Aston Merrygold|Astor Piazzolla|The Astors|Astr|Astra|Astraea|Astray|Astrid S|Astrid Smeplass|Astrid Sugaren|Astrid Suryanto|Astrid Williamson|Astro|Astro|ASTRO (dupe 1)|Astro12|Astronaut|Astronautalis|The Astronauts|Astrophobos|Astrud Gilberto|Asu|Aswad|At Long Last|At the Drive-In|At the Gates|At the Skylines|Ata|Ata|Ata Kak|Atari Teenage Riot|The Ataris|Ataru Nakamura|ATB|ATC|Atellagali|Atension|Aterciopelados|ATF|ATF|ATF|ATF|Atf|ATF, LadyBeard|ATFC|Athelas Sinfonietta Copenhagen|Athena|Athena|Athena Andreadis|Athena Cage|Athena Rene|Athenaeum|Athene Noelle|AthinaNiki|Athlete|Athol Guy|Atilla Turi|Ativin|Atjazz|Atkins|ATL|Atlanta|The Atlanta Disco Band|Atlanta Music Compilation|Atlanta Rhythm Section|Atlanta Symphony & Chorus (Shaw)|Atlanta Symphony (Shaw)|Atlanta Symphony Chamber Chorus|Atlanta Symphony Orchestra|Atlanta Symphony Orchestra (Spano)|Atlanta Symphony Orchestra Chamber Chorus|Atlantic & Pacific Featuring Peter Gormann|Atlantic Starr|Atlas Genius|Atlas Plug|Atlas Sound|Atlases|Atle Pettersen|Atli Örvarsson|ATM|Atmosphere|Atmosphere Featuring Grieves|Atmosphere Featuring Mae B|Atmospheres|Atmospheric Harmonics|Atom Pushers|Atom Smash|Atom Tree|Atom Willard|Atomic|Atomic Babies|Atomic Kitten|Atomic Rooster|Atomic Tom|Atomic Tommy M.|Atomictom|Atoms for Peace|Atomship|Atoozi|Atown Mizike|Atreyu|Atrocity|Atsuki Taketomo|Atsuko Asada|Atsuko Maeda|Atsuko Yamano|Atsuo|Atsushi|Atsushi Murasakibara (Kenichi Suzumura),Tatsuya Himuro (Kisho Taniyama)|Attaboy|Attaboy|Attack Attack!|Attack In Black|Attack The Pain|Attala Zane Giles|Attaloss|Attalus|Attention Deficit Domination|Attic|Attica Riots|Atticus Ross|Attila|Attila|Attila Falvay|Attitude|Attitude|Attitudes|Attlas|Atto Attie|Attorney Client Priviledge|Atu|Atumpan|Atzmon|AU|Au De Montigny|Au Pairs|Au Revoir Simone|Au.Ra|Aubrey|Aubrey|Aubrey Collins|Aubrey Haynie|Aubrey Lee de Cordova|Aubrey Logan|Aubrey O'Day|Aubrey Peeples|Aubrie Sellers|Auburn|Aucklan Philharmonia Orchestra|Auckland Philharmonia Orchestra|Audelio Flores, Jr.|Audi|Audie Desbrow|Audie England|Audie Henry|Audien|Audience|Audio Action Adventure|Audio Adrenaline|Audio Bullys|Audio Club|Audio Playground|Audio Push|Audio Two|Audiofeels|Audiofly|Audiofreq|Audiogroove|Audiomachine|Audion|Audioslave|Audiotricz|Audiovent|Audioweb|The Audition|Audley Freed|Audra|Audra Mae|Audra McDonald|Audra McLaughlin|Audra The Rapper|Audreanne A. Malette|Audrey Arno And The Hazy Osterwald Sextet|Audrey Assad|Audrey Brickley|Audrey De Montigny|Audrey Easley|Audrey Gagnon|Audrey Hepburn|Audrey Hepburn/George Peppard|Audrey Landers|Audrey Tautou|Audrey Wheeler|Audun Rensel|Auf Der Maur|Augie March|Augie Meyers|Augie Rios|August Alsina|August Burns|August Burns Red|August Cinjun Tate|August Darnell|August Rain|August Ruins|August Wilhelmsson|Augustana|Augustin Hadekich|Augustine Alvarez|Augustine Mayuga Gonzales|Augustine Mayuga Gonzales (dupe 1)|Augustines|Augustus Pablo|Aukso Orchestra|Auld Lang Syne|Auli'i Cravalho|AuliI Cravalho|Aundrea|Aura Dione|Auras|Aurea|Aurélien Joanin|Aurelio|Aureylian|Aurora|Aurora|Aurora|AURORA|Aurora|Aurora|Aurora|Aurora (dupe 1)|Aurora (dupe 2)|Aurora Aksnes|Aurora Orchestra|Aurora Perrineau|Aurora Rodriguez|Aurra|Auryn|Auryn|Aussie Youth|Austen|Austin|Austin|Austin & Lindsey Adamec|Austin Adamec|Austin Beede|Austin Belle|Austin Bello|Austin Burke|Austin Carlile|Austin Clark|Austin Cobb|Austin Diaz|Austin French|Austin Jenckes|Austin Jones|Austin Lander|Austin Leduc|Austin Leeds|Austin Lucas|Austin Lyons|Austin Mahone|Austin Manuel|Austin O'Brien|Austin O'Neal|Austin Plaine|Austin Radford|Austin Roberts|Austin Stoker|Austin Stone|Austin Stone|Austin Stone Worship Kids|Austin Taylor|Austin Tirado|Austin Webb|Austin Winkler|Austra|Australian Cast Recording|Australian Chamber Orchestra|Australian Crawl|Austrian Death Machine|Austro-Hungarian Haydn Orchestra|Autechre|Authority Zero|Autobot|Autoerotique|Autograf|Autograf|Autograph|Autograph|Autograph|Autolux|Automagic|Automat|The Automatic|Automatic Black|Automatic Loveletter|Automatic Man|Automatic Praise|Automatik Eden|Autopilot Off|Autopsy|Autre Ne Veut|Autry Inman|Autumn|Autumn Hill|The Autumn Offering|Autumns Cannon|Auudi|AV|Av Super Sunshine|Ava|Ava Barber|Ava Cherry|Ava Gardner|Ava Luna|Ava Raiin|Avalanche City|The Avalanches|Avalon|Avalon|Avalon|Avalon Allstars|Avant|Avant|Avant|Avant Garde|The Avant-Garde|Avantasia|Avante|Avantgarde|Avatar|Avatar|AVB|Ave Dee|Avec Pas d'Casque|The Avener|Avenged Sevenfold|avengers in sci-fi|Aventura|Aventura Duranguense|Avenue|Avenue Blue|Avenue D|Average White Band|The Average White Band|Averi|Aversions Crown|Avery Brooks/Nana Visitor|Avery Storm|Avery Sunshine|Avery Wilson|Avery*Sunshine|The Avett Brothers|Avey Tare|Avey Tare's Slasher Flicks|Avi Avital|Avi Buffalo|Aviator|Avicci|Avicii|Avila|Avioes do Forro|Avion|Avion|Avion|Avishai Cohen|Avishai Cohen|Avishai Cohen Trio|Aviv Geffen|Avizo|Avraham Fried|Avriel & The Sequoias|Avril Lavigne|Avry|Avtar Singh|Awa|Awa Imani|Awadagin Pratt|Awakening|Awakening Worship|Awar|Awatea Wihongi|Away|AWB|AWB|Awesome 3|Awesome City Club|Awesome Dre|Awesome Dre & The Hard Core Committee|Awesome Dre' & Hard Core Committee|Awesome Jones|Awkwafina|AWOLNATION|Ax|Ax/Sten/Larado/Ma|Axcel y Andrew|Axe|Axé Bahia|Axe Murder Boyz|Axe Shining|Axel|Axel Bauer|Axel Ehnstrom|Axel feat. Becky G|Axel Hirsoux|Axel Konrad|Axel Leon|Axel Mackenrott|Axel Muñiz|Axel Reinemer|Axel Rudi Pell|Axel Tony|Axel Wikner|Axelle Red|AxeWound|Axiom of Choice|The Axis of Awesome|Axl Hazarika|Axl Rose|Axos|Axwell|Axwell & Bob Sinclar|Axwell & Ingrosso|Axwell & Sebastian Ingrosso|Axwell Featuring Max'C|Axxa/Abraxas|Ay Bay Bay|Aya|Aya|Aya|Aya Hirano|Aya Ikeda, Hitomi Ikeda|Aya Kamiki|Aya Shimadu|Aya Shimazu|Aya Uchida|Ayad Al Adhamy|Ayah Marar|Ayak|Ayaka|Ayaka Hirahara|Ayaka Ide|Ayaka Ohashi|Ayako Fuji|Ayakoi Onizawa|Ayame Goriki|Ayana|Ayana Taketatsu|Ayane Ikeda|Ayanna|Ayanna Irish|Ayano Uema|Ayatollah|Ayden|Aydin Ahmadinejad|Ayiesha Woods|Ayinde Williams|Ayke Witt|Ayla|Ayla Brown|Ayla Stackhouse|Aymee Nuviola|Ayna|Aynsley Dunbar|Aynzli Jones|Ayo|Ayo|Ayo & Teo|Ayo Jay|Ayo.|Ayokay|Ayreon|Aysel & Arash|Aysha|Ayub Ogada|Ayumi Hamasaki|Ayumi Hamasaki feat.JUNO|Ayumi Shibata|Ayumikurikamaki|AZ|Az Izz|Az Yet|Az-1|Azad|Azad|Azalea|Azalea|Azam Ali|Azarelle|Azax Syndrom|Azealia Banks|Azekel|Azet|Azet|Aziz Ansari|Aziz Ibrahim|Aziza|AZIZA|Azoto|Aztec Camera|Aztec Two Step|Azteca|AZU|Azucar Moreno|Azul|Azul Azul|Azure Ray|azusa|Azusa Tadokoro|Azymuth|Azzi Memo|Azzido Da Bass