Judith Hill|Judith Hoag|Judith Holofernes|Judith Jones|Judith Lynn Stillman|Judo|Judson Spence|Judy Albanese|Judy Allen|Judy Argo|Judy Bailey|Judy Byram|Judy Cheeks|Judy Clay|Judy Collins|Judy Collins & T.G. Sheppard|Judy Craig|Judy Davis|Judy Dyble|Judy Garland|Judy Jacobs|Judy Lindsey|Judy Lynn|Judy Mowatt|Judy Rodman|Judy Taylor|Judy Torres|Judy Wexler|Juelz Santana|Jugendorchester|Jugga The Bully|Juha Kangas|Juha Tapio|Juhana Tuomas Rantala|Juhn|Juho Kauppinen|Juho Vehmanen|Juice|Juice Aleem|Juice Newton|Juice=Juice|Juicy|Juicy J|Juicy M|Juinor Jack|Juju|Juju|Juju|Juju|Juju & Jordash|