DJ Paul Elstak|DJ Paulette|DJ Pauly D|DJ Payback|DJ Payback Garcia|DJ Pebbles|DJ Phra|DJ Pierre|DJ Pierre Presents Doomsday|DJ Poet Name Life|DJ Polique|DJ Pollyfonika|DJ Polo|DJ Pone|DJ Pooh|DJ Pp Billard|DJ Premier|DJ Premier X Miguel|DJ Prime|DJ Prince|DJ Princess Cut|DJ Product © 1969|DJ Professor|DJ Pudgee P|DJ Q-Bert|DJ QBert|DJ Qualls|DJ Quik|DJ Quik & Kurupt|DJ Ra|DJ Racks|DJ Ralph M.|DJ Rap|DJ Raymundo|DJ Ready Red|DJ Rebel|DJ Rectangle|DJ Red|DJ Red Alert|DJ Reflex|DJ Rellyrell|DJ Renegade|DJ Renegade|DJ Renegade|DJ Revolution|DJ Rhettmatic|DJ Richie Rich|DJ Ricky Corbo|DJ Ricky Corbo & The Warp Brothers|DJ Ricky Luna|