Illion|Illmind|Illstreet|Illusion|Illusion|Illustrated Man|Illy|Illya Kuryaki & The Valderramas|Ilmari|Ilo|Ilona Mitrecey|Ilpo Väisänen|Ils|Ilse DeLange|Ilse Olivo|Ilsey|Ilta|Ilya Kaler|Im Beong-soo|Im Tae Kyung|Ima|Ima Robot|Ima Thug -N- Sha Nitti: I-N-S Thugz|Imaad Wasif|Imad Royal|Image|Imaginary Friend|Imaginasamba|Imagination|Imagination|Imagination Movers|Imagine Dragons|Imajin|Imam Baildi|Iman|Iman Omari|Imani|Imani Coppola|Imani Vonsha|Imani Wilcox|Imani Winds|Imanny|Imanos|Imany|Imd|Imelda Higuera|Imelda May|Imelda Staunton|Imhotep|Imiswel|