Mark Lanegan Band|Mark Le Brocq|Mark Lee|Mark Lee|Mark Lettieri|Mark Lickley|Mark Lindsay|Mark Linett|Mark Linkous|Mark Lockett|Mark Long|Mark Lowry|Mark Lowry|Mark Lowry|Mark Lowry/Bill Gaither|Mark Mac|Mark Maher|Mark Maigaard|Mark Makowy|Mark Mangold|Mark Marush|Mark Masri|Mark Matejka|Mark Mathis|Mark May Band|Mark May Band And His Soul Satyr Horns|Mark Mazur|Mark McCabe|Mark McClelland|Mark McEntee|Mark McGrath|Mark McGuinn|Mark McGuire|Mark McKeever|Mark Medlock|Mark Megaray|Mark Melchoirre Jr.|Mark Melicia|Mark Mendes|Mark Mendoza|Mark Meyer|Mark Middleton|Mark Miller|Mark Mohr|Mark Morgan|Mark Morris|Mark Morrison|Mark Mortinsen|Mark Morton|Mark Mothersbaugh|