Sherry Bryce|Sherry Grooms|Sherry Jericho|Sherry Lynn|Sherry Moses|Sherry Scot|Sherry St. Germain|Sherry Winston|Sherwin Gardner|Sherwin Linton|Sherwood|Sherwood Akuna|Sheryfa Luna|Sheryl Crow|Sheryl Henry|Sheryl Jay|Sheryl Lee|Sheryl Lee Ralph|Sheryl Rubio|Sheryl Sal|Shes|Shia LaBeouf|Shia LaBeouf/David Morse|Shia LaBeouf/Khelo Thomas|Shia LaBeouf/Michelle Monaghan|Shia LaBeouf/Stephen Dillane|Shia LaBeouf/Tyrese Gibson|Shiah Luna|Shibata Naoto|Shields Of Harmony|Shiena Nishizawa|Shiest Bubz|Shift K3Y|Shifta|Shifted|Shifty|Shifty Shellshock|Shige|Shigemi Komiyama|Shigeto|Shiggy Jr.|Shihad|Shiho Nanba|Shiina Natsukawa|Shikao Suga|Shiloh|Shiloh|Shiloh Nauvoo|Shilpa Rao|Shilts|