Mitchell Amachi Ogugua|Mitchell Brunings|Mitchell Cohen|Mitchell Coleman Jr.|Mitchell Coleman, Jr.|Mitchell Froom|Mitchell Hope|Mitchell James|Mitchell Jones|Mitchell L. Gaynor M.D.|Mitchell Laboy|Mitchell Marlow|Mitchell May|Mitchell Scott|Mitchell Tenpenny|Mitchell Torok|Mitchell Whitfield|Mitchelle'l|Mitchy Slick|Miten|Mithra|Mitoy Yonting|Mitski|Mitsou|Mitsu|Mitsuhiro Oikawa|Mitsuko Nakamura|Mitsuko Uchida|Mitsume|Mitsunaga Matsuura|Mitsuru Matsuoka EARNEST DRIVE|Mitty Collier|Mitzi Gaynor|Miu Sakamoto|Mivos Quartet|Miwa|Miwa|Miwa Yoshida|Mix Factory|Mix It Legends|Mix Master Mike|Mix5|MixMaster Mike|Mixed Bag|Mixin' Marc|Mixmania2|Mixtapes|Mixx Master Lee|Mixx Vibes|Miyake|