Douglas Spotted Eagle|Dougray Scott|Dougy From The Temper Trap|Dougy Mandagi|Douwe Bob|Dove Cameron|Dover|Dover Quartet|Doves|Dovetail Joint|Down|Down A.K.A. Kilo|Down Home Band|Down Lo|Down South Players|Down aka Kilo|Down to Nothing|Down to the Bone|Down with Webster|Downhere|Downlink|Downset.|Downstait|Downthesun|Downtown Boys|Dowty Ebi|Doyan Chowdhury|Doyle|Doyle Bramhall|Doyle Bramhall II|Doyle Holly|Doyle Lawson|Doyle Lawson & Quicksilver|Dr Didg|Dr Phunk|Dr Z|Dr.|Dr. Acula|Dr. Alban|Dr. Alex Paterson|Dr. Alyn E. Waller|Dr. America|Dr. Andrew Cheairs And The Songbirds|Dr. Bellido|Dr. Beriz|Dr. Bernard Sutton|Dr. Bill Winston|Dr. Bobby Jones|Dr. Boogie|Dr. Brenda Jefferson|