Miyako Otsuki|Miyavi|Miyoshi Umeki|Miyu Ito|Miyu Kasegi|Miyuki Kawanaka|Miyuki Nakajima|Miyuki Watanabe|Miz Davis|Miz Mandy|Mizuno Yoshiki|Mndsgn|Mnemic|Mo|Mo B. Dick|Mo Birch|Mo Foster|Mo Kountry|Mo Money|Mo Pitney|Mo Thugs|Mo Thugs Family|Mo Unique|Mo Witham|Mo Zae|Mo'Nique|Mo'nique/Kendra C. Johnson|Mo-Pain|Mo-Torres|MoKenStef|MoLa|MoStack|MoTrip|MoZella|Moa|Moa Lignell|Moana Wolfgramm|Mob|Mob Squad|Mobb Deep|Mobb Squad|Mobile|Mobin Master|Mobin Masters|Moby|Moby|Moby Grape|Moc Fu|Mocca Soul|Mocean Worker|