Koolade|Koolade Featuring Masta Ace|Koolworld Productions|Koop|Koop Arponen|Koop.|Koopsta Knicca|Kopana Terry|Kopecky|Kopecky Family Band|Kopek|Kopper|Kops|Koraly|Koran Daniels|Korede Bello|Koreless|Korey Cooper|Korey Horn|Korey Jones|Korey Mickie|Kori Gardner|Koriass|Korn|Korn Featuring Corey Taylor|Kornell Hargrove|Korona|Korpiklaani|Korpiklaani|Korr-A|Kortney & Dave|Kortney Kayle|Kory Bard|Kory Caudill|Kory Clarke|Kory Knipp|Koryn Hawthorne|Kos|Kosha Dillz|Kosheen|Koshi Inaba|Kosho|Kosplay|Kossak|Kostas Karafotis|Kostas Leivadas|Kostas Livadas|Kostas Makedonas|Kostas Martakis|Kotitellisuus|