Clyde Carson|Clyde Grimes, Jr.|Clyde Isolm|Clyde McPhatter|Clyde Stacy|Clyde Watson|Clydie King|Clã|Clémence|Clément Simpelaere|Cnote|Co|Co Campbell|Co Ro|Co Starz|Co-Ed|Co-Ed|Co-Ed|Co-Still|CoCo Brother|CoCo Lee|CoCo and the Butterfields|Coal Chamber|Coalesce|Coalo Zamorano|Coasts|Coasts|Coati Mundi|Cobalt|Cobalt Stargazer|Cobi|Cobie Smulders|Cobra Ramone|Cobra Red|Cobra Starship|Coby Bell|Coby Dick|Coby Linder|Coc|Cocaine 80s|Cocco|Cochemea Gastelum|Cochise|Cock Robin|Coco Band|Coco Brown|Coco Jones|Coco Lee|Coco McQueen|Coco Montoya|