Faithless|Fake Laugh|Fake Problems|Fake Shark Real Zombie|Faktion|Fakts One|Faky|Falco|Falcons|Falkner Evans|Fall Out Boy|Falling Up|Falling in Reverse|Fallon Bowman|Fallon King|Fallout Shelter|Falls|Fallstar|Fallujah|Fallulah|Fally Ipupa|Fam-Lee|Fama|Fambo|Fame|Fame on Fire|Familia RMM|Familiar 48|Family|Family Brown|Family Cactus|Family Dream|Family Force 5|Family Guy|Family Guy Cast|Family Plann|Family of the Year|Family, Fellowship & Friends|Famine|Famke Janssen|Famous Dex|Famous Dex|Famous Last Words|Famous Last Words|Fan Fan|FanFare Team From The Central Band Of The Royal Air Force|Fan_3|Fancy|Fancy|Fancy|