David Fitzgerald|David Fiuczynski|David Fonseca|David Fore|David Foster|David Foster|David Francey|David Frank|David Frankie Toler|David Fray|David Frazier|David Freeman|David Freiberg|David Frew|David Friedman|David Friesen|David Frizzell|David Frizzell & Shelly West|David Fryman|David G. Evans|David Gahan|David Gale|David Gamson|David Garcia|David Garfield|David Garfield|David Garibaldi|David Garrett|David Garrett|David Garrett|David Garthwaite|David Gates|David Gavurin|David Gaydon|David Geddes|David Geraghty|David Germain|David Getz|David Gilbert|David Gilmour|David Glasper|David Glen Eisley|David Glover|David Goldflies|David Gooday|David Goodes|David Gordon|David Gould|David Gould|David Grand|