Asalfo|Asano Tabanobu/Sun Hong Lei|Asante|Asante|Asante|AsapSCIENCE|Ascension|Asche & Spencer|Ascot Royals|Asdrubal Sierra|Aselin Debison|Ases Falsos|Asfru Sierra|Asger Techau|Ash|Ash Bowers|Ash Bowie|Ash Koley|Asha|Asha Ali|Asha Bhosle|Asha Sing|Ashanti|Ashburn Miller|Ashe|Ashely Williams|Asher D|Asher Delerme|Asher Fisch|Asher Larrison|Asher Monroe|Asher Roth|Ashes Divide|Ashes Remain|Ashes of Ares|Ashford & Simpson|Ashkenazy (Haitink)|Ashlee|Ashlee Simpson|Ashleigh Ball|Ashleigh Mannix|Ashleigh Smith|Ashley|Ashley Allen|Ashley Ballard|Ashley Bates|Ashley Bathgate|Ashley Beedle|Ashley Benson|Ashley Benson/Cassie Scerbo|