Airborne|Airbourne|Airheadz|Airi Hiramatsu|Airin|Airrion Love|Airto Moreira|Airwaves|Airy Jeanine|Aisha Duo|Aisha Kahlil|Aisha Tyler|Aishwarya|Aishwarya Rai/Martin Henderson|Aisslinn Nosky|Aiwa|Aiwake|Aiza Seguerra|AjA (dupe 1)|Aja|Aja Graydon|Aja Volkman|Ajax|Ajay Mallery|Ajay Popoff|Ajeet Kaur|Aji|Ajja|Ak'Sent|Ak-69|Aka|Akademie Fur Alte Musik Berlin|Akae Beka|Akai Ko-En|Akai Koen|Akatsuki|Akay|Akb|Akcent|Akdong Musician|Akdong Musician (AKMU)|Ake Karl Kalle Gustafsson|Aketo|Akhenaton|Aki|Aki|Aki Maeda [Max]|Aki Toyosaki|Aki Yamamoto|Akihiro Tamura|