Steve Kille|Steve Kilmer|Steve Kimock|Steve Kinch|Steve Kindler|Steve King|Steve Kipner|Steve Kirby|Steve Kirkpatrick|Steve Klein|Steve Kleisath|Steve Knight|Steve Kolander|Steve Krase|Steve Kroeger|Steve Kuhn|Steve Kuhn Trio|Steve LaFollette|Steve Lack|Steve Lacy|Steve Ladd|Steve Lambke|Steve Lang|Steve Lau|Steve Lauri|Steve Laury|Steve Lawler|Steve Lawrence|Steve Lawrence|Steve Lawrence & Eydie Gorme|Steve Lee|Steve Lehman|Steve Lemke|Steve Leonard|Steve Lewinson|Steve Lewis|Steve Lovato|Steve Love|Steve Lovell|Steve Lukather|Steve Mac|Steve MacKay|Steve Mack|Steve Mackey|Steve Makin|Steve Malone|Steve Mancha|Steve Mandile|Steve Mantelli|Steve Marin|