Johnny Paden|Johnny Paris|Johnny Paycheck|Johnny Pearson|Johnny Pearson & His Orch.|Johnny Personality|Johnny Philippides|Johnny Preston|Johnny Prez|Johnny Quaid|Johnny Rain|Johnny Ramone|Johnny Ray|Johnny Ray - Salsa Con Clase|Johnny Reb|Johnny Reid|Johnny Restivo|Johnny Richter|Johnny Rioux|Johnny Rivera|Johnny Rivers|Johnny Rod|Johnny Rodriguez|Johnny Rodriguez|Johnny Rotten|Johnny Russell|Johnny Russell|Johnny Rzeznik|Johnny Sanders|Johnny Sanders|Johnny Sandon|Johnny Santos|Johnny Schou|Johnny Sea|Johnny Sigal|Johnny Simmons|Johnny Sky|Johnny Solinger|Johnny Sonic|Johnny Spampinato|Johnny Stark|Johnny Strand|Johnny Strange|Johnny Strong|Johnny T. Angel|Johnny Taylor|Johnny Temple|Johnny Terry|Johnny Thunder|Johnny Thunders|