Casey Spencer|Casey Spooner|Casey Stratton|Casey Tennis|Casey Van Beek|Casey Veggies|Casey Walker|Casey Wescott|Casey Weston|Cash & Computa|Cash Cash|Cash Colligan|Cash Hollistah|Cash Kola|Cash McCall|Cash Money|Cash Money & Marvelous|Cash Money Millionaires|Casha|Cashman & West|Cashmere|Cashmere Cat|Cashy|Casilda|Casino|Casino Madrid|Casino Steel|Casino Versus Japan|Casinos|Casiokid|Caskey|Caspa|Casper|Casper|Casper (dupe 1)|Casper Adams|Casper Christensen|Casper Clausen|Casper Van Dien|Casper Van Dien/Denise Richards|Casper Van Dien/Jolene Blalock|Caspian|Caspian|Cass & Slide|Cass Elliot|Cass Fox|Cass McCombs|Cassadee Pope|Cassandra|Cassandra Kubinski|