Moogroove|Mook|Mook N Fair|Moon Boots|Moon Bounce|Moon Dog Mane|Moon Duo|Moon Fou|Moon Hooch|Moon Joo Ran|Moon Light|Moon Martin|Moon Mullican|Moon Taxi|Moonchild|Moonchild|Moondi Klein|Moondog|Moondoggies|Moonface|Moonflower|Moonfou|Moonie|Moonlion|Moons|Moonshake|Moonshine Bandits|Moonshine Man|Moonspell|Moony|Moonzz|Moose Blood|Mooseman|Moosh & Twist|Mopreme|Morandi|Morat|Morbid Angel|Morcheeba|Mord Fustang|Mord Fustang|Mordechai Shapiro|Mordechai Shapiro|Mordicus|More Stars On 45|Morel|Morel's Grooves Part 8|Morel's Grooves Pt. 9|Moreland & Arbuckle|Morelenbaum2|