Datin|Datin|Datsik|Datura|Dauby|Daughn Gibson|Daughter|Daughtry|Daunt|Dave|Dave|Dave "Baby" Cortez|Dave "Clem" Clempson|Dave "Dee" Harman|Dave "Phoenix" Farrell|Dave "The Snake" Sabo|Dave & Ansil Collins|Dave & Sugar|Dave Abbruzzese|Dave Abell|Dave Adkins|Dave Adkins And Republik Steele|Dave Agoglia|Dave Aju|Dave Alexander|Dave Alldred|Dave Allen|Dave Allen|Dave Allen|Dave Allen|Dave Allison|Dave Alucard|Dave Alvin|Dave Alvin|Dave Alvin And The Guilty Women|Dave Amato|Dave Anthony|Dave Anthony|Dave Appell|Dave Arellano|Dave Armstrong|Dave Atkins|Dave Attell|Dave Attell/Dane Cook|Dave Audé|Dave Baddorf|Dave Bainbridge|Dave Baksh|Dave Baldwin|Dave Baldwin|