Bob Bennett|Bob Berberich|Bob Berg|Bob Bergland|Bob Berryhill|Bob Bert|Bob Birch|Bob Bishop|Bob Bissonnette|Bob Bogle|Bob Booker|Bob Boulding|Bob Brady|Bob Brady|Bob Braun|Bob Breeks|Bob Brockman|Bob Brozman|Bob Bryar|Bob Burns|Bob Burns, Jr.|Bob C. Benberg|Bob Carlisle|Bob Carlisle|Bob Carpenter|Bob Carter|Bob Casale|Bob Clouter|Bob Cotton|Bob Cowsill|Bob Crafton|Bob Crane|Bob Cranshaw|Bob Crawford|Bob Crawford|Bob Crewe|Bob Crewe Generation|Bob D'Eith|Bob Daisley|Bob Dalton|Bob Demmon|Bob Denver|Bob Drake|Bob Dudek|Bob Duncan|Bob Dylan|Bob Dylan & Eric Clapton|Bob Dylan & The Grateful Dead|Bob Dylan & the Rolling Thunder Revue|Bob Dylan And The Band|