Answered Questions|Ant|Ant Banks|Ant Banks Presents T.W.D.Y.|Antal Doráti|Antara Mitra|Antemasque|Antenor Moreyra Lima|Antero Manninen|Antero Mertaranta|Antero Ugalde|Anth M|Anthem Kingz|Anthem Lights|Anthm|Anthony|Anthony "Civ" Civarelli|Anthony "Romeo" Santos|Anthony & Jasmin|Anthony & The Imperials|Anthony & the Camp|Anthony (Tich) Critchlow|Anthony Acid|Anthony Anderson|Anthony Armstrong|Anthony Armstrong Jones|Anthony Arnone|Anthony Atamanuik|Anthony Attalla|Anthony B|Anthony Barrie|Anthony Boscarini|Anthony Bourdain|Anthony Bramante|Anthony Brock|Anthony Brown|Anthony Brown|Anthony Brown|Anthony Brown & Group Therapy|Anthony Brown & group therAPy|Anthony Burger|Anthony Burulcich|Anthony Callea|Anthony Callea with The Melbourne Symphony Orchestra|Anthony Cangelosi|Anthony Celestino|Anthony Chaplain|Anthony Cole|Anthony Colon|Anthony Crawford|