Marty Nelson|Marty O'Brien|Marty Of Social Club|Marty Q|Marty Ray Project|Marty Raybon|Marty Raybon & Full Circle|Marty Robbins|Marty Roe|Marty Sanders|Marty Stuart|Marty Stuart & His Fabulous Superlatives|Marty Stuart And His Fabulous Superlatives|Marty Thomas|Marty Walsh|Marty Wilde|Marty Willson-Piper|Martyn Barker|Martyn Bennett|Martyn Brabbins|Martyn Bull|Martyn Campbell|Martyn Casey|Martyn Joseph|Martyn Lenoble|Martyn Swain|Martyn Ware|Martyn Young|Martynas|Martín Mendez|Martínez, José|Marv|Marv Albert|Marv Hines|Marv Johnson|Marv Ross|Marva Hicks|Marva King|Marva Whitney|Marvaless|Marvel Allen|Marvelous 3|Marvin|Marvin|Marvin Black|Marvin Etzioni|Marvin Evatt|Marvin Gaye|Marvin Gaye & Kim Weston|Marvin Gaye & Mary Wells|