Varg|Vargas & Lagola|Varials|Varien|Varios Artistas|Various|Various Artists|Various Artists|Various Artists|Various Artists|Various Artists|Various Artists|Various Artists|Various Artists|Various Artists (Lombard)|Various Cruelties|Varsity Fanclub|Varujan Kojian|Vas|Vasco Rossi|Vashawn Mitchell|Vasilikos|Vasilis Dimas|Vasilis Karras|Vasilis Papakonstantinou|Vasily Petrenko|Vassar Clements|Vassilikos|Vassilis Karras|Vassilis Tsabropoulos|Vassy|Vassy Karagiorgos|Vast Aire|Vastago Epicentro|Vato Gonzales|Vattnet Viskar|Vaughaligan Walwyn|Vaughan|Vaughan Brothers|Vaughan Mason & Butch Dayo|Vaughan Mason And Crew|Vaughan Phoenix|Vaughn Mason|Vaughn Monroe|Vaughn Willis|Vaults|Vaux|Vawn|Vaxel-Calle|Vaya Con Dios|