Derrick Carter|Derrick DeBeer|Derrick Decker|Derrick Dorsey|Derrick Frost|Derrick Green|Derrick Hodge|Derrick Horne|Derrick Laro And Trinity|Derrick McKenzie|Derrick Milan|Derrick Monk|Derrick Plourde|Derrick Sherman|Derrick Shezbie|Derrick Simpson|Derrick Starks|Derrick Starks & Today's Generation|Derrick Walker|Derrick Wells & Legacy|Derringer|Derron Nuhfer|Derry Brownson|Derty|Dervin Gordon|Deryck Whibley|Deryl Dodd|Des Deyer|Des Dyer|Des Kensel|Des Morris|Des'Ray|Des'ree|Desaparecidos|Desaparecidos|Desarae Wild|Descemer Bueno|Descemer Bueno Martínez|Descendents|Descloc|Desert|Desert|Desert|Desert Dragon|Desert Rose Band|Desi Arnaz|Desi Arnaz, Jr.|Desi Valentine|Designer Drugs|Desiigner|