Duke Bootee|Duke Dobing|Duke Dumont|Duke Dumont|Duke Dumont & Gorgon City Featuring Naations|Duke Ellington|Duke Erickson|Duke Erikson|Duke Garwood|Duke Guilllaume|Duke Jupiter|Duke Kitchens|Duke McFadden|Duke Robillard|Duke Tumatoe|Duke Westlake|Dukedagod|Dukes|Dulce|Dulce Maria|Dulcimer Dan|Dule Hill|Dum Dum Girls|Dumas|Dumb Numbers|Dumbfoundead|DumpstaPhunk|Dun Deal|Duncan|Duncan Brown|Duncan Cameron|Duncan Campbell|Duncan Coutts|Duncan Faure|Duncan Garner|Duncan James|Duncan Kilburn|Duncan Lloyd|Duncan McDonald|Duncan Morley|Duncan Morrison|Duncan Phillips|Duncan Sheik|Duncan Timms|Dune|Dune|Dune|Dune Rats|Dungarees|Dungen|