Alto Mando|Alto Reed|Alto Voltaje|Alton "Wokie" Stewart|Alton & Johnny|Alton Edwards|Alton McClain|Alton McClain & Destiny|Altz|Alun Francis|Aluna|AlunaGeorge|Alvara2 de La Sierra|Alvaro|Alvaro Diez|Alvaro Estrella|Alvaro Pava|Alvaro Soler|Alvaro Torres|Alvin|Alvin|Alvin & the Chipmunks|Alvin And The Chipmunks|Alvin Cash|Alvin Cash & The Registers|Alvin Cash & the Crawlers|Alvin Chea|Alvin Clayton Pope|Alvin Crow|Alvin Darling|Alvin Darling & Celebration|Alvin Ewen|Alvin Hayes|Alvin Lee|Alvin Lee|Alvin Patterson|Alvin Pazant|Alvin Risk|Alvin Robinson|Alvin Slaughter|Alvin Youngblood Hart|Alvino Bennett|Alvis Moorer|Alvvays|Alx Veliz|Aly|Aly|Aly & AJ|Aly Bain|Aly-Us|