Justin Emerich|Justin Ennis|Justin Entsminger|Justin Ferreira|Justin Finch|Justin Fisher|Justin Fletcher|Justin Foley|Justin Fowler|Justin Furstenfeld|Justin Graves|Justin Guarini|Justin Guarini|Justin Hagberg|Justin Haigh|Justin Harris|Justin Harwood|Justin Hawkins|Justin Hayward|Justin Hayward|Justin Hayward & John Lodge|Justin Hayward & John Lodge|Justin Hines|Justin Hines|Justin Holman|Justin Hurwitz|Justin Jakimiak|Justin James|Justin James|Justin Jarvis|Justin Jay|Justin Jennings|Justin Jesso|Justin Johnson|Justin Johnson|Justin K|Justin K. Broadrick|Justin Kauflin|Justin Lanning|Justin Lanning|Justin Lo|Justin Long|Justin Long/Blake Lively|Justin Longshore|Justin Marler|Justin Martin|Justin Mauriello|Justin Michael|Justin Michael|Justin Mondschein|