Steve Fishell|Steve Flanagan|Steve Fletcher|Steve Foley|Steve Foote|Steve Forbert|Steve Forest|Steve Forman|Steve Forrest|Steve Forte Rio|Steve Fossen|Steve Fox|Steve Gadd|Steve Gadd Band|Steve Gaines|Steve Garcia|Steve Gatlin|Steve Geere|Steve George|Steve Gibb|Steve Gibbons|Steve Gibbons Band|Steve Gillespie|Steve Gillette|Steve Goetzman|Steve Goodman|Steve Goodrum|Steve Gorman|Steve Goulding|Steve Grand|Steve Grantley|Steve Gray|Steve Green|Steve Greenberg|Steve Gregory|Steve Grimes|Steve Grimmett|Steve Grossman|Steve Grothmann|Steve Grove|Steve Gulley|Steve Gunn|Steve Gunner|Steve Gustafson|Steve Guttenberg|Steve Hackett|Steve Hackett|Steve Halliwell|Steve Hamelin|Steve Hanley|