Dame Peggy Ashcroft|Dami Im|Damian|Damian|Damian "Domino" Siguenza|Damian "Jr. Gong" Marley|Damian "Junior Gong" Marley|Damian Dame|Damian Genuardi|Damian Kulash, Jr.|Damian Lazarus|Damian Lemar Hudson|Damian Lewis|Damian Lewis/Sarah Shahi|Damian Marley|Damian Marshall|Damian McGinty|Damian O'Neill|Damian Whity|Damien|Damien Bone|Damien Dempsey|Damien Escobar|Damien Gregori|Damien Jurado|Damien Lauretta|Damien Leith|Damien Moyal|Damien Rice|Damien Robitaille|Damien S|Damien Sneed|Damien Starkey|Damion "Crazy Legs" Hall|Damion Hall|Damion Murrill|Damion Murrill & Siloam|Damita|Damita Haddon|Damita Jo|Damizza|Damm D|Damm-D|Damn Truth|Damn Yankees|Damnation Of Adam Blessing|Damo & Ivor|Damo Suzuki|Damon|Damon Albarn|