Miles McPherson|Miles Mosley|Miles Nielsen|Miles O'Keeffe|Miles Okazaki|Miles Peña|Miles Ratledge|Miles Seaton|Miles Zuniga|Milestone|Milestone Jazzstars|Milestones|Miley Cyrus|Miley Cyrus/Cody Linley|Miley Cyrus/Emily Osment|Miley Cyrus/Kyle Massey|Milira|Military Wives|Militia|Miliyah|Miliyah Kato|Miliz Kojus|Milk & Bone|Milk & Honey|Milk & Sugar|Milk & Sugar Featuring Ayak|Milk Coffee|Milk Dee|Milk Inc.|Milk Teeth|Milk inc|Milkman|Milky|Milky|Milky|Milky|Milky Bunny|Milky Chance|Milla|Milla Jovovich|Milla Jovovich/Cameron Bright|Milla Jovovich/Michelle Rodriguez|Milla Jovovich/Oded Fehr|Milla Jovovich/Sienna Guillory|Millard Powers|Mille|Mille Petrozza|Millencolin|Millennial Choirs|Millennial Choirs & Orchestras|