Harvest Music Live|Harvey|Harvey|Harvey "Joe" Henderson|Harvey "Pop" Watkins, Sr.|Harvey & the Moonglows|Harvey Brough|Harvey Dalton Arnold|Harvey Danger|Harvey Davis|Harvey Dee|Harvey Ellison|Harvey Fierstein|Harvey Gerst|Harvey Goldstein|Harvey Hinsley|Harvey Jett|Harvey Kagen|Harvey Karp, MD, FAAP|Harvey Kaye|Harvey Keitel|Harvey Keitel/Tim Roth|Harvey Korman|Harvey Mandel|Harvey Mason|Harvey Mason, Sr.|Harvey McKay|Harvey Scales|Harvey Sharpe|Harvey Sorgen|Harvey Watkins, Jr.|Harvey Williams|Harvie S|Harvie Swartz|Harwin|Hasan|Hasan Shah|Hashim|Hashtag|Hass G|Hassan|Hassan & 7-11|Hassan Hakmoun/Adam Rudolph|Hasse Andersson|Hasse Bruniusson|Haste the Day|Hatchet|Hatchie|Hate Dept.|Hate Eternal|