Tony Santini|Tony Scalzo|Tony Scherr|Tony Scott|Tony Sevener|Tony Shalhoub|Tony Shepherd|Tony Sheridan|Tony Silvester|Tony Sly|Tony Smith|Tony Smith|Tony Solis|Tony Starks|Tony Stevens|Tony Succar|Tony Sunshine|Tony Sylvester & The New Ingredient|Tony Teegarden|Tony Terry|Tony Terusa|Tony Testa|Tony Thaxton|Tony Thompson|Tony Thompson|Tony Thorpe|Tony Tidwell|Tony Tidwell & Righteous Living|Tony Tillman|Tony Todd|Tony Toliver|Tony Tone|Tony Toni Tone|Tony Touch|Tony Trice|Tony Trischka|Tony Troutman|Tony Valentino|Tony Valor|Tony Valor|Tony Vandermeer|Tony Vega|Tony Villanueva|Tony Vincent|Tony Visconti|Tony Warren|Tony Williams|Tony Williams|Tony Williams|Tony Williams|