Honor Blackman|Honor Bright|Honor Society|Honorata Skarbek|Honorebel|Honus Honus|Hoo Leeger|Hoo Leeger|Hoobastank|Hood|Hood Celebrityy|Hoodcelebrityy|Hoodie Allen|Hoodlegend The Underboss|Hoodoo Gurus|Hoodratz|Hoodrich Pablo Juan|Hoodrich Pablo Juan & Migos|Hoodstarz|Hoody|Hook Ghoti|Hook N Sligh|Hook N Sling|Hooligan|Hoon|Hoops|Hooray for Earth|Hoot Hester|Hooters|Hootie & the Blowfish|Hooverphonic|Hop Along|Hope|Hope (dupe 1)|Hope 7|Hope Chapel|Hope Davis|Hope Feat. Jason Mraz|Hope Fellowship|Hope Murphy|Hope Partlow|Hope Sandoval|Hope Sandoval & The Warm Inventions|Hope Sandoval & the Warm Inventions|Hope for the Dying|Hopesfall|Hopeton Lewis|Hopsin|Horace Andy|Horace Brown|